id,timestamp,epoch,phase,sys_input_ac_w,cpu_power_w,dimm_power_w,storage_power_w,fan_power_w,inlet_temp_c,exhaust_temp_c,cpu_temp_c,raw_sensors
1,2026-03-02T20:08:53.154712Z,1772482133.1547127,complete,,,,,,,,,"{""phase"": ""complete""}"
2,2026-03-02T20:09:09.100967Z,1772482149.1009672,complete,,,,,,,,,"{""phase"": ""complete""}"
3,2026-03-02T20:09:15.204703Z,1772482155.204703,idle,313.266754,95.950035,15.516657,78.071487,43.53067,34.0,44.408585,44.535057,"{""NODE_AMBIENT"": 34.0, ""EXHAUST_AVG"": 44.408585, ""EXHAUST"": 57.799999, ""EB_PCI_INLET"": 39.86224, ""PCIESSD_DRIVE.1"": 42.0, ""PCIESSD_DRIVE.2"": 42.0, ""PCIESSD_DRIVE.3"": 42.0, ""PCIESSD_DRIVE.4"": 42.0, ""PCIESSD_DRIVE.5"": 41.0, ""PCIESSD_DRIVE.6"": 41.0, ""PCIESSD_DRIVE.7"": 42.0, ""PCIESSD_DRIVE.8"": 41.0, ""PCIESSD_DRIVE.9"": 42.0, ""PCIESSD_DRIVE.10"": 41.0, ""PCIESSD_DRIVE.MAX"": 42.0, ""CPU.1"": 44.535057, ""CPU.2"": 42.784431, ""DIMM_MAX"": 43.0, ""DIMM_CPU1.1"": 42.0, ""DIMM_CPU1.2"": 42.0, ""DIMM_CPU1.3"": 40.0, ""DIMM_CPU1.4"": 43.0, ""DIMM_CPU1.5"": 40.0, ""DIMM_CPU1.6"": 42.0, ""DIMM_CPU1.7"": 41.0, ""DIMM_CPU1.8"": 42.0, ""DIMM_CPU1.MAX"": 43.0, ""DIMM_CPU2.1"": 42.0, ""DIMM_CPU2.2"": 42.0, ""DIMM_CPU2.3"": 41.0, ""DIMM_CPU2.4"": 43.0, ""DIMM_CPU2.5"": 41.0, ""DIMM_CPU2.6"": 43.0, ""DIMM_CPU2.7"": 42.0, ""DIMM_CPU2.8"": 42.0, ""DIMM_CPU2.MAX"": 43.0, ""NVDIMM_BATTERY.1"": 40.0, ""NVDIMM_BATTERY.MAX"": 40.0, ""CHIPSET"": 45.799999, ""NDC_ASIC.1"": 68.0, ""NDC_ASIC.MRGN"": 68.0, ""NIC_ASIC.1"": 69.0, ""NIC_ASIC.2"": 71.0, ""NIC_ASIC.MRGN"": 71.0, ""PSU_AMBIENT.1"": 46.0, ""PSU_AMBIENT.2"": 42.0, ""PSU_AMBIENT.MAX"": 46.0, ""PSU_COMP_TEMP.1"": 59.799999, ""PSU_COMP_TEMP.2"": 48.0, ""PSU_EXHAUST.1"": 57.799999, ""PSU_EXHAUST.2"": 47.0, ""TOT_PSU_HEAT_DISS"": 29.596375, ""SYS_PWR_INPUT_AC"": 313.266754, ""SYS_PWR_OUTPUT_DC"": 283.67038, ""FAN_PWR_MAIN"": 43.53067, ""STORAGE_PWR"": 78.071487, ""CPU_PWR_ALL"": 95.950035, ""DIMM_PWR_ALL"": 15.516657, ""EB_LFM"": 438.863953, ""EB_SYS_CFM"": 55.512833, ""SYS_CFM_PER_KW_IN_PWR"": 177.206268, ""SYS_CFM_PER_KW_OUT_PWR"": 195.694855, ""SYS_CFM_PER_W_FAN_PWR"": 1.275258, ""DELTA_T_SYSTEM_RACK"": 10.408585, ""COMPUTE_PWR"": 220.262787, ""ITUE"": 1.422241, ""PTCR"": 0.138957, ""SAFE"": 3.627376, ""PSU_EFF"": 0.905523, ""PREHEAT_PCIE"": 234.307877, ""EB_SYS_EXHAUST"": 44.408585, ""EB_CPU_INLET"": 36.478073, ""EB_DIMM_INLET"": 36.478073, ""EB_PSU_INLET"": 37.255939, ""PCI_CAL_PWR"": 49.362503, ""CPU1_VR_PSTAGE.1"": 45.707108, ""CPU1_VR_PSTAGE.2"": 48.0, ""CPU1_VR_PSTAGE.MAX"": 48.0, ""CPU2_VR_PSTAGE.1"": 46.707108, ""CPU2_VR_PSTAGE.2"": 48.0, ""CPU2_VR_PSTAGE.MAX"": 48.0, ""PCI_INLET_CTRL"": 46.635612, ""CPU_DTS.1"": 50.448002, ""CPU_DTS.2"": 52.335999, ""VOSS_COMPONENT_NVME.1"": 39.0, ""phase"": ""idle""}"
4,2026-03-02T20:09:20.640530Z,1772482160.64053,complete,318.183441,99.133369,15.883323,78.04982,43.380661,34.0,44.438633,45.015888,"{""NODE_AMBIENT"": 34.0, ""EXHAUST_AVG"": 44.438633, ""EXHAUST"": 57.799999, ""EB_PCI_INLET"": 39.881966, ""PCIESSD_DRIVE.1"": 42.0, ""PCIESSD_DRIVE.2"": 42.0, ""PCIESSD_DRIVE.3"": 42.0, ""PCIESSD_DRIVE.4"": 42.0, ""PCIESSD_DRIVE.5"": 41.0, ""PCIESSD_DRIVE.6"": 41.0, ""PCIESSD_DRIVE.7"": 42.0, ""PCIESSD_DRIVE.8"": 41.0, ""PCIESSD_DRIVE.9"": 42.0, ""PCIESSD_DRIVE.10"": 41.0, ""PCIESSD_DRIVE.MAX"": 42.0, ""CPU.1"": 45.015888, ""CPU.2"": 43.118187, ""DIMM_MAX"": 44.0, ""DIMM_CPU1.1"": 42.0, ""DIMM_CPU1.2"": 42.0, ""DIMM_CPU1.3"": 40.0, ""DIMM_CPU1.4"": 43.0, ""DIMM_CPU1.5"": 40.0, ""DIMM_CPU1.6"": 42.0, ""DIMM_CPU1.7"": 41.0, ""DIMM_CPU1.8"": 42.0, ""DIMM_CPU1.MAX"": 43.0, ""DIMM_CPU2.1"": 42.0, ""DIMM_CPU2.2"": 42.0, ""DIMM_CPU2.3"": 42.0, ""DIMM_CPU2.4"": 44.0, ""DIMM_CPU2.5"": 41.0, ""DIMM_CPU2.6"": 43.0, ""DIMM_CPU2.7"": 42.0, ""DIMM_CPU2.8"": 42.0, ""DIMM_CPU2.MAX"": 44.0, ""NVDIMM_BATTERY.1"": 40.0, ""NVDIMM_BATTERY.MAX"": 40.0, ""CHIPSET"": 46.200001, ""NDC_ASIC.1"": 68.0, ""NDC_ASIC.MRGN"": 68.0, ""NIC_ASIC.1"": 69.0, ""NIC_ASIC.2"": 71.0, ""NIC_ASIC.MRGN"": 71.0, ""PSU_AMBIENT.1"": 45.799999, ""PSU_AMBIENT.2"": 42.0, ""PSU_AMBIENT.MAX"": 45.799999, ""PSU_COMP_TEMP.1"": 60.0, ""PSU_COMP_TEMP.2"": 48.0, ""PSU_EXHAUST.1"": 57.799999, ""PSU_EXHAUST.2"": 47.0, ""TOT_PSU_HEAT_DISS"": 32.929718, ""SYS_PWR_INPUT_AC"": 318.183441, ""SYS_PWR_OUTPUT_DC"": 285.253723, ""FAN_PWR_MAIN"": 43.380661, ""STORAGE_PWR"": 78.04982, ""CPU_PWR_ALL"": 99.133369, ""DIMM_PWR_ALL"": 15.883323, ""EB_LFM"": 438.098969, ""EB_SYS_CFM"": 55.50967, ""SYS_CFM_PER_KW_IN_PWR"": 174.458069, ""SYS_CFM_PER_KW_OUT_PWR"": 194.597534, ""SYS_CFM_PER_W_FAN_PWR"": 1.279595, ""DELTA_T_SYSTEM_RACK"": 10.438633, ""COMPUTE_PWR"": 221.8853, ""ITUE"": 1.434, ""PTCR"": 0.136339, ""SAFE"": 3.571267, ""PSU_EFF"": 0.896507, ""PREHEAT_PCIE"": 237.987823, ""EB_SYS_EXHAUST"": 44.438633, ""EB_CPU_INLET"": 36.477722, ""EB_DIMM_INLET"": 36.477722, ""EB_PSU_INLET"": 37.261604, ""PCI_CAL_PWR"": 47.2659, ""CPU1_VR_PSTAGE.1"": 45.707108, ""CPU1_VR_PSTAGE.2"": 48.0, ""CPU1_VR_PSTAGE.MAX"": 48.0, ""CPU2_VR_PSTAGE.1"": 46.707108, ""CPU2_VR_PSTAGE.2"": 48.0, ""CPU2_VR_PSTAGE.MAX"": 48.0, ""PCI_INLET_CTRL"": 46.65168, ""CPU_DTS.1"": 50.416, ""CPU_DTS.2"": 51.976002, ""VOSS_COMPONENT_NVME.1"": 39.0, ""phase"": ""complete""}"
5,2026-03-02T20:09:26.137662Z,1772482166.137662,01_idle_baseline,317.55011,96.983368,15.616656,78.128143,43.420662,34.0,44.480118,45.015888,"{""NODE_AMBIENT"": 34.0, ""EXHAUST_AVG"": 44.480118, ""EXHAUST"": 58.0, ""EB_PCI_INLET"": 39.898216, ""PCIESSD_DRIVE.1"": 42.0, ""PCIESSD_DRIVE.2"": 42.0, ""PCIESSD_DRIVE.3"": 42.0, ""PCIESSD_DRIVE.4"": 42.0, ""PCIESSD_DRIVE.5"": 41.0, ""PCIESSD_DRIVE.6"": 41.0, ""PCIESSD_DRIVE.7"": 42.0, ""PCIESSD_DRIVE.8"": 41.0, ""PCIESSD_DRIVE.9"": 42.0, ""PCIESSD_DRIVE.10"": 41.0, ""PCIESSD_DRIVE.MAX"": 42.0, ""CPU.1"": 45.015888, ""CPU.2"": 43.118187, ""DIMM_MAX"": 44.0, ""DIMM_CPU1.1"": 42.0, ""DIMM_CPU1.2"": 42.0, ""DIMM_CPU1.3"": 40.0, ""DIMM_CPU1.4"": 43.0, ""DIMM_CPU1.5"": 40.0, ""DIMM_CPU1.6"": 42.0, ""DIMM_CPU1.7"": 41.0, ""DIMM_CPU1.8"": 42.0, ""DIMM_CPU1.MAX"": 43.0, ""DIMM_CPU2.1"": 42.0, ""DIMM_CPU2.2"": 42.0, ""DIMM_CPU2.3"": 42.0, ""DIMM_CPU2.4"": 44.0, ""DIMM_CPU2.5"": 42.0, ""DIMM_CPU2.6"": 43.0, ""DIMM_CPU2.7"": 42.0, ""DIMM_CPU2.8"": 42.0, ""DIMM_CPU2.MAX"": 44.0, ""NVDIMM_BATTERY.1"": 40.0, ""NVDIMM_BATTERY.MAX"": 40.0, ""CHIPSET"": 46.200001, ""NDC_ASIC.1"": 68.0, ""NDC_ASIC.MRGN"": 68.0, ""NIC_ASIC.1"": 69.0, ""NIC_ASIC.2"": 71.0, ""NIC_ASIC.MRGN"": 71.0, ""PSU_AMBIENT.1"": 46.0, ""PSU_AMBIENT.2"": 42.0, ""PSU_AMBIENT.MAX"": 46.0, ""PSU_COMP_TEMP.1"": 60.0, ""PSU_COMP_TEMP.2"": 47.799999, ""PSU_EXHAUST.1"": 58.0, ""PSU_EXHAUST.2"": 47.0, ""TOT_PSU_HEAT_DISS"": 34.046387, ""SYS_PWR_INPUT_AC"": 317.55011, ""SYS_PWR_OUTPUT_DC"": 283.503723, ""FAN_PWR_MAIN"": 43.420662, ""STORAGE_PWR"": 78.128143, ""CPU_PWR_ALL"": 96.983368, ""DIMM_PWR_ALL"": 15.616656, ""EB_LFM"": 438.611145, ""EB_SYS_CFM"": 55.520123, ""SYS_CFM_PER_KW_IN_PWR"": 174.822479, ""SYS_CFM_PER_KW_OUT_PWR"": 195.817169, ""SYS_CFM_PER_W_FAN_PWR"": 1.278657, ""DELTA_T_SYSTEM_RACK"": 10.480118, ""COMPUTE_PWR"": 220.237793, ""ITUE"": 1.441851, ""PTCR"": 0.136736, ""SAFE"": 3.575914, ""PSU_EFF"": 0.892784, ""PREHEAT_PCIE"": 235.478516, ""EB_SYS_EXHAUST"": 44.480118, ""EB_CPU_INLET"": 36.476891, ""EB_DIMM_INLET"": 36.476891, ""EB_PSU_INLET"": 37.265636, ""PCI_CAL_PWR"": 48.025208, ""CPU1_VR_PSTAGE.1"": 46.0, ""CPU1_VR_PSTAGE.2"": 48.0, ""CPU1_VR_PSTAGE.MAX"": 48.0, ""CPU2_VR_PSTAGE.1"": 46.707108, ""CPU2_VR_PSTAGE.2"": 48.0, ""CPU2_VR_PSTAGE.MAX"": 48.0, ""PCI_INLET_CTRL"": 46.674095, ""CPU_DTS.1"": 50.495998, ""CPU_DTS.2"": 52.175999, ""VOSS_COMPONENT_NVME.1"": 39.0, ""phase"": ""01_idle_baseline""}"
6,2026-03-02T20:09:31.575339Z,1772482171.5753398,01_idle_baseline,317.000092,96.250031,15.24999,78.086472,43.530663,34.0,44.520508,45.015888,"{""NODE_AMBIENT"": 34.0, ""EXHAUST_AVG"": 44.520508, ""EXHAUST"": 57.799999, ""EB_PCI_INLET"": 39.914452, ""PCIESSD_DRIVE.1"": 42.0, ""PCIESSD_DRIVE.2"": 42.0, ""PCIESSD_DRIVE.3"": 42.0, ""PCIESSD_DRIVE.4"": 42.0, ""PCIESSD_DRIVE.5"": 41.0, ""PCIESSD_DRIVE.6"": 41.0, ""PCIESSD_DRIVE.7"": 42.0, ""PCIESSD_DRIVE.8"": 41.0, ""PCIESSD_DRIVE.9"": 42.0, ""PCIESSD_DRIVE.10"": 41.0, ""PCIESSD_DRIVE.MAX"": 42.0, ""CPU.1"": 45.015888, ""CPU.2"": 43.118187, ""DIMM_MAX"": 44.0, ""DIMM_CPU1.1"": 42.0, ""DIMM_CPU1.2"": 42.0, ""DIMM_CPU1.3"": 40.0, ""DIMM_CPU1.4"": 43.0, ""DIMM_CPU1.5"": 40.0, ""DIMM_CPU1.6"": 42.0, ""DIMM_CPU1.7"": 41.0, ""DIMM_CPU1.8"": 42.0, ""DIMM_CPU1.MAX"": 43.0, ""DIMM_CPU2.1"": 42.0, ""DIMM_CPU2.2"": 42.0, ""DIMM_CPU2.3"": 42.0, ""DIMM_CPU2.4"": 44.0, ""DIMM_CPU2.5"": 41.0, ""DIMM_CPU2.6"": 43.0, ""DIMM_CPU2.7"": 42.0, ""DIMM_CPU2.8"": 42.0, ""DIMM_CPU2.MAX"": 44.0, ""NVDIMM_BATTERY.1"": 40.0, ""NVDIMM_BATTERY.MAX"": 40.0, ""CHIPSET"": 46.200001, ""NDC_ASIC.1"": 68.0, ""NDC_ASIC.MRGN"": 68.0, ""NIC_ASIC.1"": 69.0, ""NIC_ASIC.2"": 71.0, ""NIC_ASIC.MRGN"": 71.0, ""PSU_AMBIENT.1"": 46.0, ""PSU_AMBIENT.2"": 42.0, ""PSU_AMBIENT.MAX"": 46.0, ""PSU_COMP_TEMP.1"": 60.200001, ""PSU_COMP_TEMP.2"": 48.0, ""PSU_EXHAUST.1"": 57.799999, ""PSU_EXHAUST.2"": 47.0, ""TOT_PSU_HEAT_DISS"": 33.196381, ""SYS_PWR_INPUT_AC"": 317.000092, ""SYS_PWR_OUTPUT_DC"": 283.803711, ""FAN_PWR_MAIN"": 43.530663, ""STORAGE_PWR"": 78.086472, ""CPU_PWR_ALL"": 96.250031, ""DIMM_PWR_ALL"": 15.24999, ""EB_LFM"": 438.715515, ""EB_SYS_CFM"": 55.496567, ""SYS_CFM_PER_KW_IN_PWR"": 175.067978, ""SYS_CFM_PER_KW_OUT_PWR"": 195.545593, ""SYS_CFM_PER_W_FAN_PWR"": 1.274884, ""DELTA_T_SYSTEM_RACK"": 10.520508, ""COMPUTE_PWR"": 220.406784, ""ITUE"": 1.43825, ""PTCR"": 0.137321, ""SAFE"": 3.580936, ""PSU_EFF"": 0.89528, ""PREHEAT_PCIE"": 234.327896, ""EB_SYS_EXHAUST"": 44.520508, ""EB_CPU_INLET"": 36.477707, ""EB_DIMM_INLET"": 36.477707, ""EB_PSU_INLET"": 37.269848, ""PCI_CAL_PWR"": 49.475815, ""CPU1_VR_PSTAGE.1"": 46.0, ""CPU1_VR_PSTAGE.2"": 48.0, ""CPU1_VR_PSTAGE.MAX"": 48.0, ""CPU2_VR_PSTAGE.1"": 46.707108, ""CPU2_VR_PSTAGE.2"": 48.0, ""CPU2_VR_PSTAGE.MAX"": 48.0, ""PCI_INLET_CTRL"": 46.690456, ""CPU_DTS.1"": 50.208, ""CPU_DTS.2"": 52.256001, ""VOSS_COMPONENT_NVME.1"": 39.0, ""phase"": ""01_idle_baseline""}"
7,2026-03-02T20:09:37.071405Z,1772482177.0714052,01_idle_baseline,316.933441,97.166702,15.366656,78.156479,43.610664,34.0,44.559006,45.118988,"{""NODE_AMBIENT"": 34.0, ""EXHAUST_AVG"": 44.559006, ""EXHAUST"": 58.0, ""EB_PCI_INLET"": 39.92886, ""PCIESSD_DRIVE.1"": 42.0, ""PCIESSD_DRIVE.2"": 42.0, ""PCIESSD_DRIVE.3"": 42.0, ""PCIESSD_DRIVE.4"": 42.0, ""PCIESSD_DRIVE.5"": 41.0, ""PCIESSD_DRIVE.6"": 41.0, ""PCIESSD_DRIVE.7"": 42.0, ""PCIESSD_DRIVE.8"": 41.0, ""PCIESSD_DRIVE.9"": 42.0, ""PCIESSD_DRIVE.10"": 41.0, ""PCIESSD_DRIVE.MAX"": 42.0, ""CPU.1"": 45.118988, ""CPU.2"": 43.149048, ""DIMM_MAX"": 43.0, ""DIMM_CPU1.1"": 42.0, ""DIMM_CPU1.2"": 42.0, ""DIMM_CPU1.3"": 40.0, ""DIMM_CPU1.4"": 43.0, ""DIMM_CPU1.5"": 40.0, ""DIMM_CPU1.6"": 42.0, ""DIMM_CPU1.7"": 41.0, ""DIMM_CPU1.8"": 42.0, ""DIMM_CPU1.MAX"": 43.0, ""DIMM_CPU2.1"": 42.0, ""DIMM_CPU2.2"": 42.0, ""DIMM_CPU2.3"": 41.0, ""DIMM_CPU2.4"": 43.0, ""DIMM_CPU2.5"": 41.0, ""DIMM_CPU2.6"": 43.0, ""DIMM_CPU2.7"": 42.0, ""DIMM_CPU2.8"": 42.0, ""DIMM_CPU2.MAX"": 43.0, ""NVDIMM_BATTERY.1"": 40.0, ""NVDIMM_BATTERY.MAX"": 40.0, ""CHIPSET"": 46.0, ""NDC_ASIC.1"": 68.0, ""NDC_ASIC.MRGN"": 68.0, ""NIC_ASIC.1"": 69.0, ""NIC_ASIC.2"": 71.0, ""NIC_ASIC.MRGN"": 71.0, ""PSU_AMBIENT.1"": 46.0, ""PSU_AMBIENT.2"": 42.0, ""PSU_AMBIENT.MAX"": 46.0, ""PSU_COMP_TEMP.1"": 60.200001, ""PSU_COMP_TEMP.2"": 47.799999, ""PSU_EXHAUST.1"": 58.0, ""PSU_EXHAUST.2"": 47.0, ""TOT_PSU_HEAT_DISS"": 34.896393, ""SYS_PWR_INPUT_AC"": 316.933441, ""SYS_PWR_OUTPUT_DC"": 282.037048, ""FAN_PWR_MAIN"": 43.610664, ""STORAGE_PWR"": 78.156479, ""CPU_PWR_ALL"": 97.166702, ""DIMM_PWR_ALL"": 15.366656, ""EB_LFM"": 438.819031, ""EB_SYS_CFM"": 55.483444, ""SYS_CFM_PER_KW_IN_PWR"": 175.0634, ""SYS_CFM_PER_KW_OUT_PWR"": 196.723953, ""SYS_CFM_PER_W_FAN_PWR"": 1.272245, ""DELTA_T_SYSTEM_RACK"": 10.559006, ""COMPUTE_PWR"": 218.733795, ""ITUE"": 1.448946, ""PTCR"": 0.137602, ""SAFE"": 3.580842, ""PSU_EFF"": 0.889894, ""PREHEAT_PCIE"": 235.570297, ""EB_SYS_EXHAUST"": 44.559006, ""EB_CPU_INLET"": 36.478027, ""EB_DIMM_INLET"": 36.478027, ""EB_PSU_INLET"": 37.272831, ""PCI_CAL_PWR"": 46.466751, ""CPU1_VR_PSTAGE.1"": 46.0, ""CPU1_VR_PSTAGE.2"": 48.0, ""CPU1_VR_PSTAGE.MAX"": 48.0, ""CPU2_VR_PSTAGE.1"": 46.707108, ""CPU2_VR_PSTAGE.2"": 48.0, ""CPU2_VR_PSTAGE.MAX"": 48.0, ""PCI_INLET_CTRL"": 46.711369, ""CPU_DTS.1"": 50.368, ""CPU_DTS.2"": 52.591999, ""VOSS_COMPONENT_NVME.1"": 39.0, ""phase"": ""01_idle_baseline""}"
8,2026-03-02T20:09:42.503152Z,1772482182.5031526,rest_after_01_idle_baseline,322.05011,98.383369,15.666656,78.166481,43.560665,34.0,44.600498,45.118988,"{""NODE_AMBIENT"": 34.0, ""EXHAUST_AVG"": 44.600498, ""EXHAUST"": 57.799999, ""EB_PCI_INLET"": 39.943462, ""PCIESSD_DRIVE.1"": 42.0, ""PCIESSD_DRIVE.2"": 42.0, ""PCIESSD_DRIVE.3"": 42.0, ""PCIESSD_DRIVE.4"": 42.0, ""PCIESSD_DRIVE.5"": 41.0, ""PCIESSD_DRIVE.6"": 41.0, ""PCIESSD_DRIVE.7"": 42.0, ""PCIESSD_DRIVE.8"": 41.0, ""PCIESSD_DRIVE.9"": 42.0, ""PCIESSD_DRIVE.10"": 41.0, ""PCIESSD_DRIVE.MAX"": 42.0, ""CPU.1"": 45.118988, ""CPU.2"": 43.550682, ""DIMM_MAX"": 44.0, ""DIMM_CPU1.1"": 42.0, ""DIMM_CPU1.2"": 42.0, ""DIMM_CPU1.3"": 40.0, ""DIMM_CPU1.4"": 43.0, ""DIMM_CPU1.5"": 40.0, ""DIMM_CPU1.6"": 42.0, ""DIMM_CPU1.7"": 41.0, ""DIMM_CPU1.8"": 42.0, ""DIMM_CPU1.MAX"": 43.0, ""DIMM_CPU2.1"": 42.0, ""DIMM_CPU2.2"": 42.0, ""DIMM_CPU2.3"": 42.0, ""DIMM_CPU2.4"": 44.0, ""DIMM_CPU2.5"": 42.0, ""DIMM_CPU2.6"": 43.0, ""DIMM_CPU2.7"": 42.0, ""DIMM_CPU2.8"": 42.0, ""DIMM_CPU2.MAX"": 44.0, ""NVDIMM_BATTERY.1"": 40.0, ""NVDIMM_BATTERY.MAX"": 40.0, ""CHIPSET"": 46.0, ""NDC_ASIC.1"": 68.0, ""NDC_ASIC.MRGN"": 68.0, ""NIC_ASIC.1"": 69.0, ""NIC_ASIC.2"": 70.599998, ""NIC_ASIC.MRGN"": 70.599998, ""PSU_AMBIENT.1"": 46.0, ""PSU_AMBIENT.2"": 42.0, ""PSU_AMBIENT.MAX"": 46.0, ""PSU_COMP_TEMP.1"": 60.400002, ""PSU_COMP_TEMP.2"": 47.400002, ""PSU_EXHAUST.1"": 57.799999, ""PSU_EXHAUST.2"": 47.0, ""TOT_PSU_HEAT_DISS"": 39.863068, ""SYS_PWR_INPUT_AC"": 322.05011, ""SYS_PWR_OUTPUT_DC"": 282.187042, ""FAN_PWR_MAIN"": 43.560665, ""STORAGE_PWR"": 78.166481, ""CPU_PWR_ALL"": 98.383369, ""DIMM_PWR_ALL"": 15.666656, ""EB_LFM"": 438.818176, ""EB_SYS_CFM"": 55.472996, ""SYS_CFM_PER_KW_IN_PWR"": 172.249588, ""SYS_CFM_PER_KW_OUT_PWR"": 196.582367, ""SYS_CFM_PER_W_FAN_PWR"": 1.273465, ""DELTA_T_SYSTEM_RACK"": 10.600498, ""COMPUTE_PWR"": 218.873291, ""ITUE"": 1.4714, ""PTCR"": 0.135261, ""SAFE"": 3.526173, ""PSU_EFF"": 0.876221, ""PREHEAT_PCIE"": 237.161255, ""EB_SYS_EXHAUST"": 44.600498, ""EB_CPU_INLET"": 36.478455, ""EB_DIMM_INLET"": 36.478455, ""EB_PSU_INLET"": 37.276035, ""PCI_CAL_PWR"": 45.025787, ""CPU1_VR_PSTAGE.1"": 46.0, ""CPU1_VR_PSTAGE.2"": 48.0, ""CPU1_VR_PSTAGE.MAX"": 48.0, ""CPU2_VR_PSTAGE.1"": 46.707108, ""CPU2_VR_PSTAGE.2"": 48.0, ""CPU2_VR_PSTAGE.MAX"": 48.0, ""PCI_INLET_CTRL"": 46.72628, ""CPU_DTS.1"": 50.175999, ""CPU_DTS.2"": 51.896, ""VOSS_COMPONENT_NVME.1"": 39.0, ""phase"": ""rest_after_01_idle_baseline""}"
9,2026-03-02T20:09:48.000380Z,1772482188.0003798,02_hpl_100pct,323.250092,97.766701,15.566656,78.163132,44.540665,34.0,44.63623,45.156479,"{""NODE_AMBIENT"": 34.0, ""EXHAUST_AVG"": 44.63623, ""EXHAUST"": 58.0, ""EB_PCI_INLET"": 39.951153, ""PCIESSD_DRIVE.1"": 42.0, ""PCIESSD_DRIVE.2"": 42.0, ""PCIESSD_DRIVE.3"": 42.0, ""PCIESSD_DRIVE.4"": 42.0, ""PCIESSD_DRIVE.5"": 41.0, ""PCIESSD_DRIVE.6"": 41.0, ""PCIESSD_DRIVE.7"": 42.0, ""PCIESSD_DRIVE.8"": 41.0, ""PCIESSD_DRIVE.9"": 42.0, ""PCIESSD_DRIVE.10"": 41.0, ""PCIESSD_DRIVE.MAX"": 42.0, ""CPU.1"": 45.156479, ""CPU.2"": 43.550682, ""DIMM_MAX"": 44.0, ""DIMM_CPU1.1"": 42.0, ""DIMM_CPU1.2"": 42.0, ""DIMM_CPU1.3"": 40.0, ""DIMM_CPU1.4"": 43.0, ""DIMM_CPU1.5"": 40.0, ""DIMM_CPU1.6"": 42.0, ""DIMM_CPU1.7"": 41.0, ""DIMM_CPU1.8"": 42.0, ""DIMM_CPU1.MAX"": 43.0, ""DIMM_CPU2.1"": 42.0, ""DIMM_CPU2.2"": 42.0, ""DIMM_CPU2.3"": 42.0, ""DIMM_CPU2.4"": 44.0, ""DIMM_CPU2.5"": 41.0, ""DIMM_CPU2.6"": 43.0, ""DIMM_CPU2.7"": 42.0, ""DIMM_CPU2.8"": 42.0, ""DIMM_CPU2.MAX"": 44.0, ""NVDIMM_BATTERY.1"": 40.0, ""NVDIMM_BATTERY.MAX"": 40.0, ""CHIPSET"": 45.799999, ""NDC_ASIC.1"": 68.0, ""NDC_ASIC.MRGN"": 68.0, ""NIC_ASIC.1"": 69.0, ""NIC_ASIC.2"": 70.400002, ""NIC_ASIC.MRGN"": 70.400002, ""PSU_AMBIENT.1"": 46.0, ""PSU_AMBIENT.2"": 42.0, ""PSU_AMBIENT.MAX"": 46.0, ""PSU_COMP_TEMP.1"": 61.0, ""PSU_COMP_TEMP.2"": 48.0, ""PSU_EXHAUST.1"": 58.0, ""PSU_EXHAUST.2"": 47.0, ""TOT_PSU_HEAT_DISS"": 40.896393, ""SYS_PWR_INPUT_AC"": 323.250092, ""SYS_PWR_OUTPUT_DC"": 282.353699, ""FAN_PWR_MAIN"": 44.540665, ""STORAGE_PWR"": 78.163132, ""CPU_PWR_ALL"": 97.766701, ""DIMM_PWR_ALL"": 15.566656, ""EB_LFM"": 442.674896, ""EB_SYS_CFM"": 55.556561, ""SYS_CFM_PER_KW_IN_PWR"": 171.884827, ""SYS_CFM_PER_KW_OUT_PWR"": 196.780792, ""SYS_CFM_PER_W_FAN_PWR"": 1.247322, ""DELTA_T_SYSTEM_RACK"": 10.63623, ""COMPUTE_PWR"": 218.048279, ""ITUE"": 1.48247, ""PTCR"": 0.13779, ""SAFE"": 3.515826, ""PSU_EFF"": 0.873484, ""PREHEAT_PCIE"": 236.91188, ""EB_SYS_EXHAUST"": 44.63623, ""EB_CPU_INLET"": 36.474899, ""EB_DIMM_INLET"": 36.474899, ""EB_PSU_INLET"": 37.274002, ""PCI_CAL_PWR"": 45.441818, ""CPU1_VR_PSTAGE.1"": 46.0, ""CPU1_VR_PSTAGE.2"": 48.0, ""CPU1_VR_PSTAGE.MAX"": 48.0, ""CPU2_VR_PSTAGE.1"": 46.707108, ""CPU2_VR_PSTAGE.2"": 48.0, ""CPU2_VR_PSTAGE.MAX"": 48.0, ""PCI_INLET_CTRL"": 46.73658, ""CPU_DTS.1"": 50.063999, ""CPU_DTS.2"": 51.208, ""VOSS_COMPONENT_NVME.1"": 39.0, ""phase"": ""02_hpl_100pct""}"
10,2026-03-02T20:09:54.228470Z,1772482194.2284703,02_hpl_100pct,321.166779,98.433365,15.816656,78.179802,44.970669,34.0,44.672302,45.156479,"{""NODE_AMBIENT"": 34.0, ""EXHAUST_AVG"": 44.672302, ""EXHAUST"": 58.0, ""EB_PCI_INLET"": 39.960766, ""PCIESSD_DRIVE.1"": 42.0, ""PCIESSD_DRIVE.2"": 42.0, ""PCIESSD_DRIVE.3"": 42.0, ""PCIESSD_DRIVE.4"": 42.0, ""PCIESSD_DRIVE.5"": 41.0, ""PCIESSD_DRIVE.6"": 41.0, ""PCIESSD_DRIVE.7"": 42.0, ""PCIESSD_DRIVE.8"": 41.0, ""PCIESSD_DRIVE.9"": 42.0, ""PCIESSD_DRIVE.10"": 41.0, ""PCIESSD_DRIVE.MAX"": 42.0, ""CPU.1"": 45.156479, ""CPU.2"": 43.550682, ""DIMM_MAX"": 44.0, ""DIMM_CPU1.1"": 42.0, ""DIMM_CPU1.2"": 42.0, ""DIMM_CPU1.3"": 40.0, ""DIMM_CPU1.4"": 43.0, ""DIMM_CPU1.5"": 40.0, ""DIMM_CPU1.6"": 42.0, ""DIMM_CPU1.7"": 41.0, ""DIMM_CPU1.8"": 42.0, ""DIMM_CPU1.MAX"": 43.0, ""DIMM_CPU2.1"": 42.0, ""DIMM_CPU2.2"": 42.0, ""DIMM_CPU2.3"": 42.0, ""DIMM_CPU2.4"": 44.0, ""DIMM_CPU2.5"": 42.0, ""DIMM_CPU2.6"": 43.0, ""DIMM_CPU2.7"": 42.0, ""DIMM_CPU2.8"": 42.0, ""DIMM_CPU2.MAX"": 44.0, ""NVDIMM_BATTERY.1"": 40.0, ""NVDIMM_BATTERY.MAX"": 40.0, ""CHIPSET"": 45.799999, ""NDC_ASIC.1"": 68.0, ""NDC_ASIC.MRGN"": 68.0, ""NIC_ASIC.1"": 69.0, ""NIC_ASIC.2"": 71.0, ""NIC_ASIC.MRGN"": 71.0, ""PSU_AMBIENT.1"": 46.0, ""PSU_AMBIENT.2"": 42.0, ""PSU_AMBIENT.MAX"": 46.0, ""PSU_COMP_TEMP.1"": 60.599998, ""PSU_COMP_TEMP.2"": 47.599998, ""PSU_EXHAUST.1"": 58.0, ""PSU_EXHAUST.2"": 47.0, ""TOT_PSU_HEAT_DISS"": 37.163055, ""SYS_PWR_INPUT_AC"": 321.166779, ""SYS_PWR_OUTPUT_DC"": 284.003723, ""FAN_PWR_MAIN"": 44.970669, ""STORAGE_PWR"": 78.179802, ""CPU_PWR_ALL"": 98.433365, ""DIMM_PWR_ALL"": 15.816656, ""EB_LFM"": 443.870514, ""EB_SYS_CFM"": 55.578262, ""SYS_CFM_PER_KW_IN_PWR"": 173.023499, ""SYS_CFM_PER_KW_OUT_PWR"": 195.721756, ""SYS_CFM_PER_W_FAN_PWR"": 1.235878, ""DELTA_T_SYSTEM_RACK"": 10.672302, ""COMPUTE_PWR"": 219.12529, ""ITUE"": 1.465676, ""PTCR"": 0.140023, ""SAFE"": 3.539117, ""PSU_EFF"": 0.884287, ""PREHEAT_PCIE"": 238.355789, ""EB_SYS_EXHAUST"": 44.672302, ""EB_CPU_INLET"": 36.473995, ""EB_DIMM_INLET"": 36.473995, ""EB_PSU_INLET"": 37.274422, ""PCI_CAL_PWR"": 45.647934, ""CPU1_VR_PSTAGE.1"": 46.0, ""CPU1_VR_PSTAGE.2"": 48.0, ""CPU1_VR_PSTAGE.MAX"": 48.0, ""CPU2_VR_PSTAGE.1"": 46.707108, ""CPU2_VR_PSTAGE.2"": 48.0, ""CPU2_VR_PSTAGE.MAX"": 48.0, ""PCI_INLET_CTRL"": 46.745193, ""CPU_DTS.1"": 49.976002, ""CPU_DTS.2"": 51.608002, ""VOSS_COMPONENT_NVME.1"": 39.0, ""phase"": ""02_hpl_100pct""}"
11,2026-03-02T20:09:59.648622Z,1772482199.6486228,02_hpl_100pct,324.516754,98.500031,15.966657,78.186478,43.96067,34.0,44.727421,45.165852,"{""NODE_AMBIENT"": 34.0, ""EXHAUST_AVG"": 44.727421, ""EXHAUST"": 58.0, ""EB_PCI_INLET"": 39.974209, ""PCIESSD_DRIVE.1"": 42.0, ""PCIESSD_DRIVE.2"": 42.0, ""PCIESSD_DRIVE.3"": 42.0, ""PCIESSD_DRIVE.4"": 42.0, ""PCIESSD_DRIVE.5"": 41.0, ""PCIESSD_DRIVE.6"": 41.0, ""PCIESSD_DRIVE.7"": 42.0, ""PCIESSD_DRIVE.8"": 41.0, ""PCIESSD_DRIVE.9"": 42.0, ""PCIESSD_DRIVE.10"": 41.0, ""PCIESSD_DRIVE.MAX"": 42.0, ""CPU.1"": 45.165852, ""CPU.2"": 43.672527, ""DIMM_MAX"": 44.0, ""DIMM_CPU1.1"": 42.0, ""DIMM_CPU1.2"": 42.0, ""DIMM_CPU1.3"": 40.0, ""DIMM_CPU1.4"": 43.0, ""DIMM_CPU1.5"": 40.0, ""DIMM_CPU1.6"": 42.0, ""DIMM_CPU1.7"": 41.0, ""DIMM_CPU1.8"": 42.0, ""DIMM_CPU1.MAX"": 43.0, ""DIMM_CPU2.1"": 42.0, ""DIMM_CPU2.2"": 42.0, ""DIMM_CPU2.3"": 42.0, ""DIMM_CPU2.4"": 44.0, ""DIMM_CPU2.5"": 41.0, ""DIMM_CPU2.6"": 43.0, ""DIMM_CPU2.7"": 42.0, ""DIMM_CPU2.8"": 42.0, ""DIMM_CPU2.MAX"": 44.0, ""NVDIMM_BATTERY.1"": 40.0, ""NVDIMM_BATTERY.MAX"": 40.0, ""CHIPSET"": 46.200001, ""NDC_ASIC.1"": 68.0, ""NDC_ASIC.MRGN"": 68.0, ""NIC_ASIC.1"": 69.0, ""NIC_ASIC.2"": 71.0, ""NIC_ASIC.MRGN"": 71.0, ""PSU_AMBIENT.1"": 46.0, ""PSU_AMBIENT.2"": 42.0, ""PSU_AMBIENT.MAX"": 46.0, ""PSU_COMP_TEMP.1"": 60.599998, ""PSU_COMP_TEMP.2"": 47.400002, ""PSU_EXHAUST.1"": 58.0, ""PSU_EXHAUST.2"": 47.0, ""TOT_PSU_HEAT_DISS"": 38.3797, ""SYS_PWR_INPUT_AC"": 324.516754, ""SYS_PWR_OUTPUT_DC"": 286.137054, ""FAN_PWR_MAIN"": 43.96067, ""STORAGE_PWR"": 78.186478, ""CPU_PWR_ALL"": 98.500031, ""DIMM_PWR_ALL"": 15.966657, ""EB_LFM"": 439.98877, ""EB_SYS_CFM"": 55.578571, ""SYS_CFM_PER_KW_IN_PWR"": 171.26564, ""SYS_CFM_PER_KW_OUT_PWR"": 194.237595, ""SYS_CFM_PER_W_FAN_PWR"": 1.264279, ""DELTA_T_SYSTEM_RACK"": 10.727421, ""COMPUTE_PWR"": 221.966797, ""ITUE"": 1.462006, ""PTCR"": 0.135465, ""SAFE"": 3.503161, ""PSU_EFF"": 0.881733, ""PREHEAT_PCIE"": 237.926407, ""EB_SYS_EXHAUST"": 44.727421, ""EB_CPU_INLET"": 36.474262, ""EB_DIMM_INLET"": 36.474262, ""EB_PSU_INLET"": 37.277943, ""PCI_CAL_PWR"": 48.210648, ""CPU1_VR_PSTAGE.1"": 46.0, ""CPU1_VR_PSTAGE.2"": 48.0, ""CPU1_VR_PSTAGE.MAX"": 48.0, ""CPU2_VR_PSTAGE.1"": 47.0, ""CPU2_VR_PSTAGE.2"": 48.0, ""CPU2_VR_PSTAGE.MAX"": 48.0, ""PCI_INLET_CTRL"": 46.769821, ""CPU_DTS.1"": 50.0, ""CPU_DTS.2"": 51.832001, ""VOSS_COMPONENT_NVME.1"": 39.0, ""phase"": ""02_hpl_100pct""}"
12,2026-03-02T20:10:05.157011Z,1772482205.1570115,rest_after_02_hpl_100pct,329.133423,99.616699,16.083323,78.21981,43.67067,34.0,44.785301,45.050438,"{""NODE_AMBIENT"": 34.0, ""EXHAUST_AVG"": 44.785301, ""EXHAUST"": 58.0, ""EB_PCI_INLET"": 39.981857, ""PCIESSD_DRIVE.1"": 42.0, ""PCIESSD_DRIVE.2"": 42.0, ""PCIESSD_DRIVE.3"": 42.0, ""PCIESSD_DRIVE.4"": 42.0, ""PCIESSD_DRIVE.5"": 41.0, ""PCIESSD_DRIVE.6"": 41.0, ""PCIESSD_DRIVE.7"": 42.0, ""PCIESSD_DRIVE.8"": 41.0, ""PCIESSD_DRIVE.9"": 42.0, ""PCIESSD_DRIVE.10"": 41.0, ""PCIESSD_DRIVE.MAX"": 42.0, ""CPU.1"": 45.050438, ""CPU.2"": 43.53191, ""DIMM_MAX"": 44.0, ""DIMM_CPU1.1"": 42.0, ""DIMM_CPU1.2"": 42.0, ""DIMM_CPU1.3"": 40.0, ""DIMM_CPU1.4"": 43.0, ""DIMM_CPU1.5"": 40.0, ""DIMM_CPU1.6"": 42.0, ""DIMM_CPU1.7"": 41.0, ""DIMM_CPU1.8"": 42.0, ""DIMM_CPU1.MAX"": 43.0, ""DIMM_CPU2.1"": 42.0, ""DIMM_CPU2.2"": 42.0, ""DIMM_CPU2.3"": 42.0, ""DIMM_CPU2.4"": 44.0, ""DIMM_CPU2.5"": 42.0, ""DIMM_CPU2.6"": 43.0, ""DIMM_CPU2.7"": 42.0, ""DIMM_CPU2.8"": 42.0, ""DIMM_CPU2.MAX"": 44.0, ""NVDIMM_BATTERY.1"": 40.0, ""NVDIMM_BATTERY.MAX"": 40.0, ""CHIPSET"": 46.200001, ""NDC_ASIC.1"": 68.0, ""NDC_ASIC.MRGN"": 68.0, ""NIC_ASIC.1"": 69.0, ""NIC_ASIC.2"": 70.400002, ""NIC_ASIC.MRGN"": 70.400002, ""PSU_AMBIENT.1"": 46.0, ""PSU_AMBIENT.2"": 42.0, ""PSU_AMBIENT.MAX"": 46.0, ""PSU_COMP_TEMP.1"": 60.799999, ""PSU_COMP_TEMP.2"": 47.200001, ""PSU_EXHAUST.1"": 58.0, ""PSU_EXHAUST.2"": 46.599998, ""TOT_PSU_HEAT_DISS"": 40.913055, ""SYS_PWR_INPUT_AC"": 329.133423, ""SYS_PWR_OUTPUT_DC"": 288.220367, ""FAN_PWR_MAIN"": 43.67067, ""STORAGE_PWR"": 78.21981, ""CPU_PWR_ALL"": 99.616699, ""DIMM_PWR_ALL"": 16.083323, ""EB_LFM"": 438.154846, ""EB_SYS_CFM"": 55.562901, ""SYS_CFM_PER_KW_IN_PWR"": 168.831604, ""SYS_CFM_PER_KW_OUT_PWR"": 192.797348, ""SYS_CFM_PER_W_FAN_PWR"": 1.272316, ""DELTA_T_SYSTEM_RACK"": 10.785301, ""COMPUTE_PWR"": 224.374268, ""ITUE"": 1.466895, ""PTCR"": 0.132684, ""SAFE"": 3.457576, ""PSU_EFF"": 0.875695, ""PREHEAT_PCIE"": 239.085434, ""EB_SYS_EXHAUST"": 44.785301, ""EB_CPU_INLET"": 36.475136, ""EB_DIMM_INLET"": 36.475136, ""EB_PSU_INLET"": 37.280048, ""PCI_CAL_PWR"": 49.134933, ""CPU1_VR_PSTAGE.1"": 46.0, ""CPU1_VR_PSTAGE.2"": 48.0, ""CPU1_VR_PSTAGE.MAX"": 48.0, ""CPU2_VR_PSTAGE.1"": 47.0, ""CPU2_VR_PSTAGE.2"": 48.0, ""CPU2_VR_PSTAGE.MAX"": 48.0, ""PCI_INLET_CTRL"": 46.776279, ""CPU_DTS.1"": 49.944, ""CPU_DTS.2"": 51.591999, ""VOSS_COMPONENT_NVME.1"": 39.0, ""phase"": ""rest_after_02_hpl_100pct""}"
13,2026-03-02T20:10:10.589952Z,1772482210.5899527,03_hpl_50pct,334.05011,103.366699,16.73332,78.206497,43.460663,34.0,44.846535,45.064499,"{""NODE_AMBIENT"": 34.0, ""EXHAUST_AVG"": 44.846535, ""EXHAUST"": 57.799999, ""EB_PCI_INLET"": 39.995605, ""PCIESSD_DRIVE.1"": 42.0, ""PCIESSD_DRIVE.2"": 42.0, ""PCIESSD_DRIVE.3"": 42.0, ""PCIESSD_DRIVE.4"": 42.0, ""PCIESSD_DRIVE.5"": 41.0, ""PCIESSD_DRIVE.6"": 41.0, ""PCIESSD_DRIVE.7"": 42.0, ""PCIESSD_DRIVE.8"": 41.0, ""PCIESSD_DRIVE.9"": 42.0, ""PCIESSD_DRIVE.10"": 41.0, ""PCIESSD_DRIVE.MAX"": 42.0, ""CPU.1"": 45.064499, ""CPU.2"": 43.511227, ""DIMM_MAX"": 44.0, ""DIMM_CPU1.1"": 42.0, ""DIMM_CPU1.2"": 42.0, ""DIMM_CPU1.3"": 40.0, ""DIMM_CPU1.4"": 43.0, ""DIMM_CPU1.5"": 40.0, ""DIMM_CPU1.6"": 42.0, ""DIMM_CPU1.7"": 41.0, ""DIMM_CPU1.8"": 42.0, ""DIMM_CPU1.MAX"": 43.0, ""DIMM_CPU2.1"": 43.0, ""DIMM_CPU2.2"": 42.0, ""DIMM_CPU2.3"": 42.0, ""DIMM_CPU2.4"": 44.0, ""DIMM_CPU2.5"": 42.0, ""DIMM_CPU2.6"": 43.0, ""DIMM_CPU2.7"": 42.0, ""DIMM_CPU2.8"": 42.0, ""DIMM_CPU2.MAX"": 44.0, ""NVDIMM_BATTERY.1"": 40.0, ""NVDIMM_BATTERY.MAX"": 40.0, ""CHIPSET"": 45.599998, ""NDC_ASIC.1"": 68.0, ""NDC_ASIC.MRGN"": 68.0, ""NIC_ASIC.1"": 69.0, ""NIC_ASIC.2"": 70.800003, ""NIC_ASIC.MRGN"": 70.800003, ""PSU_AMBIENT.1"": 46.0, ""PSU_AMBIENT.2"": 42.0, ""PSU_AMBIENT.MAX"": 46.0, ""PSU_COMP_TEMP.1"": 60.599998, ""PSU_COMP_TEMP.2"": 47.200001, ""PSU_EXHAUST.1"": 57.799999, ""PSU_EXHAUST.2"": 46.799999, ""TOT_PSU_HEAT_DISS"": 42.729736, ""SYS_PWR_INPUT_AC"": 334.05011, ""SYS_PWR_OUTPUT_DC"": 291.320374, ""FAN_PWR_MAIN"": 43.460663, ""STORAGE_PWR"": 78.206497, ""CPU_PWR_ALL"": 103.366699, ""DIMM_PWR_ALL"": 16.73332, ""EB_LFM"": 438.201965, ""EB_SYS_CFM"": 55.561039, ""SYS_CFM_PER_KW_IN_PWR"": 166.32547, ""SYS_CFM_PER_KW_OUT_PWR"": 190.721436, ""SYS_CFM_PER_W_FAN_PWR"": 1.278421, ""DELTA_T_SYSTEM_RACK"": 10.846535, ""COMPUTE_PWR"": 227.467285, ""ITUE"": 1.468563, ""PTCR"": 0.130102, ""SAFE"": 3.402112, ""PSU_EFF"": 0.872086, ""PREHEAT_PCIE"": 243.669601, ""EB_SYS_EXHAUST"": 44.846535, ""EB_CPU_INLET"": 36.475529, ""EB_DIMM_INLET"": 36.475529, ""EB_PSU_INLET"": 37.284451, ""PCI_CAL_PWR"": 47.650772, ""CPU1_VR_PSTAGE.1"": 46.0, ""CPU1_VR_PSTAGE.2"": 48.0, ""CPU1_VR_PSTAGE.MAX"": 48.0, ""CPU2_VR_PSTAGE.1"": 47.0, ""CPU2_VR_PSTAGE.2"": 48.0, ""CPU2_VR_PSTAGE.MAX"": 48.0, ""PCI_INLET_CTRL"": 46.790707, ""CPU_DTS.1"": 50.080002, ""CPU_DTS.2"": 51.976002, ""VOSS_COMPONENT_NVME.1"": 39.0, ""phase"": ""03_hpl_50pct""}"
14,2026-03-02T20:10:16.099604Z,1772482216.099604,03_hpl_50pct,334.650085,104.650032,16.883322,78.21817,43.680664,34.0,44.905434,45.177639,"{""NODE_AMBIENT"": 34.0, ""EXHAUST_AVG"": 44.905434, ""EXHAUST"": 58.0, ""EB_PCI_INLET"": 40.010784, ""PCIESSD_DRIVE.1"": 42.0, ""PCIESSD_DRIVE.2"": 42.0, ""PCIESSD_DRIVE.3"": 42.0, ""PCIESSD_DRIVE.4"": 42.0, ""PCIESSD_DRIVE.5"": 41.0, ""PCIESSD_DRIVE.6"": 41.0, ""PCIESSD_DRIVE.7"": 42.0, ""PCIESSD_DRIVE.8"": 41.0, ""PCIESSD_DRIVE.9"": 42.0, ""PCIESSD_DRIVE.10"": 41.0, ""PCIESSD_DRIVE.MAX"": 42.0, ""CPU.1"": 45.177639, ""CPU.2"": 43.511227, ""DIMM_MAX"": 44.0, ""DIMM_CPU1.1"": 42.0, ""DIMM_CPU1.2"": 42.0, ""DIMM_CPU1.3"": 40.0, ""DIMM_CPU1.4"": 43.0, ""DIMM_CPU1.5"": 40.0, ""DIMM_CPU1.6"": 43.0, ""DIMM_CPU1.7"": 41.0, ""DIMM_CPU1.8"": 42.0, ""DIMM_CPU1.MAX"": 43.0, ""DIMM_CPU2.1"": 42.0, ""DIMM_CPU2.2"": 42.0, ""DIMM_CPU2.3"": 42.0, ""DIMM_CPU2.4"": 44.0, ""DIMM_CPU2.5"": 42.0, ""DIMM_CPU2.6"": 43.0, ""DIMM_CPU2.7"": 42.0, ""DIMM_CPU2.8"": 42.0, ""DIMM_CPU2.MAX"": 44.0, ""NVDIMM_BATTERY.1"": 40.0, ""NVDIMM_BATTERY.MAX"": 40.0, ""CHIPSET"": 46.200001, ""NDC_ASIC.1"": 68.0, ""NDC_ASIC.MRGN"": 68.0, ""NIC_ASIC.1"": 69.0, ""NIC_ASIC.2"": 71.0, ""NIC_ASIC.MRGN"": 71.0, ""PSU_AMBIENT.1"": 46.0, ""PSU_AMBIENT.2"": 42.0, ""PSU_AMBIENT.MAX"": 46.0, ""PSU_COMP_TEMP.1"": 61.0, ""PSU_COMP_TEMP.2"": 47.0, ""PSU_EXHAUST.1"": 58.0, ""PSU_EXHAUST.2"": 46.599998, ""TOT_PSU_HEAT_DISS"": 43.513031, ""SYS_PWR_INPUT_AC"": 334.650085, ""SYS_PWR_OUTPUT_DC"": 291.137054, ""FAN_PWR_MAIN"": 43.680664, ""STORAGE_PWR"": 78.21817, ""CPU_PWR_ALL"": 104.650032, ""DIMM_PWR_ALL"": 16.883322, ""EB_LFM"": 440.035828, ""EB_SYS_CFM"": 55.586094, ""SYS_CFM_PER_KW_IN_PWR"": 166.102142, ""SYS_CFM_PER_KW_OUT_PWR"": 190.927582, ""SYS_CFM_PER_W_FAN_PWR"": 1.272556, ""DELTA_T_SYSTEM_RACK"": 10.905434, ""COMPUTE_PWR"": 227.106796, ""ITUE"": 1.473536, ""PTCR"": 0.130526, ""SAFE"": 3.397544, ""PSU_EFF"": 0.869975, ""PREHEAT_PCIE"": 245.363037, ""EB_SYS_EXHAUST"": 44.905434, ""EB_CPU_INLET"": 36.474751, ""EB_DIMM_INLET"": 36.474751, ""EB_PSU_INLET"": 37.288929, ""PCI_CAL_PWR"": 45.774017, ""CPU1_VR_PSTAGE.1"": 46.0, ""CPU1_VR_PSTAGE.2"": 48.0, ""CPU1_VR_PSTAGE.MAX"": 48.0, ""CPU2_VR_PSTAGE.1"": 47.0, ""CPU2_VR_PSTAGE.2"": 48.0, ""CPU2_VR_PSTAGE.MAX"": 48.0, ""PCI_INLET_CTRL"": 46.808861, ""CPU_DTS.1"": 49.655998, ""CPU_DTS.2"": 51.896, ""VOSS_COMPONENT_NVME.1"": 39.0, ""phase"": ""03_hpl_50pct""}"
15,2026-03-02T20:10:21.524014Z,1772482221.5240145,03_hpl_50pct,331.250092,103.750031,16.73332,78.268173,43.680672,34.0,44.964172,45.177639,"{""NODE_AMBIENT"": 34.0, ""EXHAUST_AVG"": 44.964172, ""EXHAUST"": 58.0, ""EB_PCI_INLET"": 40.030323, ""PCIESSD_DRIVE.1"": 42.0, ""PCIESSD_DRIVE.2"": 42.0, ""PCIESSD_DRIVE.3"": 42.0, ""PCIESSD_DRIVE.4"": 42.0, ""PCIESSD_DRIVE.5"": 41.0, ""PCIESSD_DRIVE.6"": 41.0, ""PCIESSD_DRIVE.7"": 42.0, ""PCIESSD_DRIVE.8"": 41.0, ""PCIESSD_DRIVE.9"": 42.0, ""PCIESSD_DRIVE.10"": 41.0, ""PCIESSD_DRIVE.MAX"": 42.0, ""CPU.1"": 45.177639, ""CPU.2"": 43.511227, ""DIMM_MAX"": 44.0, ""DIMM_CPU1.1"": 42.0, ""DIMM_CPU1.2"": 42.0, ""DIMM_CPU1.3"": 40.0, ""DIMM_CPU1.4"": 43.0, ""DIMM_CPU1.5"": 40.0, ""DIMM_CPU1.6"": 42.0, ""DIMM_CPU1.7"": 41.0, ""DIMM_CPU1.8"": 42.0, ""DIMM_CPU1.MAX"": 43.0, ""DIMM_CPU2.1"": 42.0, ""DIMM_CPU2.2"": 42.0, ""DIMM_CPU2.3"": 42.0, ""DIMM_CPU2.4"": 44.0, ""DIMM_CPU2.5"": 42.0, ""DIMM_CPU2.6"": 43.0, ""DIMM_CPU2.7"": 42.0, ""DIMM_CPU2.8"": 42.0, ""DIMM_CPU2.MAX"": 44.0, ""NVDIMM_BATTERY.1"": 40.0, ""NVDIMM_BATTERY.MAX"": 40.0, ""CHIPSET"": 46.200001, ""NDC_ASIC.1"": 68.0, ""NDC_ASIC.MRGN"": 68.0, ""NIC_ASIC.1"": 69.0, ""NIC_ASIC.2"": 70.199997, ""NIC_ASIC.MRGN"": 70.199997, ""PSU_AMBIENT.1"": 45.799999, ""PSU_AMBIENT.2"": 42.0, ""PSU_AMBIENT.MAX"": 45.799999, ""PSU_COMP_TEMP.1"": 61.0, ""PSU_COMP_TEMP.2"": 47.400002, ""PSU_EXHAUST.1"": 58.0, ""PSU_EXHAUST.2"": 46.799999, ""TOT_PSU_HEAT_DISS"": 41.263062, ""SYS_PWR_INPUT_AC"": 331.250092, ""SYS_PWR_OUTPUT_DC"": 289.98703, ""FAN_PWR_MAIN"": 43.680672, ""STORAGE_PWR"": 78.268173, ""CPU_PWR_ALL"": 103.750031, ""DIMM_PWR_ALL"": 16.73332, ""EB_LFM"": 439.7901, ""EB_SYS_CFM"": 55.58778, ""SYS_CFM_PER_KW_IN_PWR"": 167.812119, ""SYS_CFM_PER_KW_OUT_PWR"": 191.690582, ""SYS_CFM_PER_W_FAN_PWR"": 1.272594, ""DELTA_T_SYSTEM_RACK"": 10.964172, ""COMPUTE_PWR"": 226.007263, ""ITUE"": 1.465661, ""PTCR"": 0.131866, ""SAFE"": 3.432521, ""PSU_EFF"": 0.875432, ""PREHEAT_PCIE"": 244.389938, ""EB_SYS_EXHAUST"": 44.973022, ""EB_CPU_INLET"": 36.475079, ""EB_DIMM_INLET"": 36.475079, ""EB_PSU_INLET"": 37.295296, ""PCI_CAL_PWR"": 45.597092, ""CPU1_VR_PSTAGE.1"": 46.0, ""CPU1_VR_PSTAGE.2"": 48.0, ""CPU1_VR_PSTAGE.MAX"": 48.0, ""CPU2_VR_PSTAGE.1"": 47.0, ""CPU2_VR_PSTAGE.2"": 48.0, ""CPU2_VR_PSTAGE.MAX"": 48.0, ""PCI_INLET_CTRL"": 46.831638, ""CPU_DTS.1"": 50.0, ""CPU_DTS.2"": 51.832001, ""VOSS_COMPONENT_NVME.1"": 39.0, ""phase"": ""03_hpl_50pct""}"
16,2026-03-02T20:10:27.030856Z,1772482227.0308561,03_hpl_50pct,330.000092,103.683365,16.916655,78.248184,43.440666,34.0,45.006092,45.235008,"{""NODE_AMBIENT"": 34.0, ""EXHAUST_AVG"": 45.006092, ""EXHAUST"": 58.0, ""EB_PCI_INLET"": 40.044868, ""PCIESSD_DRIVE.1"": 42.0, ""PCIESSD_DRIVE.2"": 42.0, ""PCIESSD_DRIVE.3"": 42.0, ""PCIESSD_DRIVE.4"": 42.0, ""PCIESSD_DRIVE.5"": 41.0, ""PCIESSD_DRIVE.6"": 41.0, ""PCIESSD_DRIVE.7"": 42.0, ""PCIESSD_DRIVE.8"": 41.0, ""PCIESSD_DRIVE.9"": 42.0, ""PCIESSD_DRIVE.10"": 41.0, ""PCIESSD_DRIVE.MAX"": 42.0, ""CPU.1"": 45.235008, ""CPU.2"": 43.511227, ""DIMM_MAX"": 44.0, ""DIMM_CPU1.1"": 42.0, ""DIMM_CPU1.2"": 42.0, ""DIMM_CPU1.3"": 40.0, ""DIMM_CPU1.4"": 43.0, ""DIMM_CPU1.5"": 40.0, ""DIMM_CPU1.6"": 42.0, ""DIMM_CPU1.7"": 41.0, ""DIMM_CPU1.8"": 42.0, ""DIMM_CPU1.MAX"": 43.0, ""DIMM_CPU2.1"": 42.0, ""DIMM_CPU2.2"": 42.0, ""DIMM_CPU2.3"": 42.0, ""DIMM_CPU2.4"": 44.0, ""DIMM_CPU2.5"": 41.0, ""DIMM_CPU2.6"": 43.0, ""DIMM_CPU2.7"": 42.0, ""DIMM_CPU2.8"": 42.0, ""DIMM_CPU2.MAX"": 44.0, ""NVDIMM_BATTERY.1"": 40.0, ""NVDIMM_BATTERY.MAX"": 40.0, ""CHIPSET"": 45.799999, ""NDC_ASIC.1"": 68.0, ""NDC_ASIC.MRGN"": 68.0, ""NIC_ASIC.1"": 69.0, ""NIC_ASIC.2"": 70.0, ""NIC_ASIC.MRGN"": 70.0, ""PSU_AMBIENT.1"": 46.0, ""PSU_AMBIENT.2"": 42.0, ""PSU_AMBIENT.MAX"": 46.0, ""PSU_COMP_TEMP.1"": 60.599998, ""PSU_COMP_TEMP.2"": 47.200001, ""PSU_EXHAUST.1"": 58.0, ""PSU_EXHAUST.2"": 46.799999, ""TOT_PSU_HEAT_DISS"": 40.613037, ""SYS_PWR_INPUT_AC"": 330.000092, ""SYS_PWR_OUTPUT_DC"": 289.387054, ""FAN_PWR_MAIN"": 43.440666, ""STORAGE_PWR"": 78.248184, ""CPU_PWR_ALL"": 103.683365, ""DIMM_PWR_ALL"": 16.916655, ""EB_LFM"": 438.114014, ""EB_SYS_CFM"": 55.582893, ""SYS_CFM_PER_KW_IN_PWR"": 168.432968, ""SYS_CFM_PER_KW_OUT_PWR"": 192.071106, ""SYS_CFM_PER_W_FAN_PWR"": 1.279513, ""DELTA_T_SYSTEM_RACK"": 11.006092, ""COMPUTE_PWR"": 225.669296, ""ITUE"": 1.462317, ""PTCR"": 0.131638, ""SAFE"": 3.44522, ""PSU_EFF"": 0.87693, ""PREHEAT_PCIE"": 244.264618, ""EB_SYS_EXHAUST"": 45.006092, ""EB_CPU_INLET"": 36.475929, ""EB_DIMM_INLET"": 36.475929, ""EB_PSU_INLET"": 37.300602, ""PCI_CAL_PWR"": 45.122437, ""CPU1_VR_PSTAGE.1"": 46.0, ""CPU1_VR_PSTAGE.2"": 48.0, ""CPU1_VR_PSTAGE.MAX"": 48.0, ""CPU2_VR_PSTAGE.1"": 47.0, ""CPU2_VR_PSTAGE.2"": 48.0, ""CPU2_VR_PSTAGE.MAX"": 48.0, ""PCI_INLET_CTRL"": 46.846008, ""CPU_DTS.1"": 50.015999, ""CPU_DTS.2"": 51.944, ""VOSS_COMPONENT_NVME.1"": 39.0, ""phase"": ""03_hpl_50pct""}"
17,2026-03-02T20:10:32.457562Z,1772482232.4575622,rest_after_03_hpl_50pct,327.11676,103.733368,17.066654,78.299843,43.490669,34.0,45.034508,45.155342,"{""NODE_AMBIENT"": 34.0, ""EXHAUST_AVG"": 45.034508, ""EXHAUST"": 57.799999, ""EB_PCI_INLET"": 40.060616, ""PCIESSD_DRIVE.1"": 42.0, ""PCIESSD_DRIVE.2"": 42.0, ""PCIESSD_DRIVE.3"": 42.0, ""PCIESSD_DRIVE.4"": 42.0, ""PCIESSD_DRIVE.5"": 41.0, ""PCIESSD_DRIVE.6"": 41.0, ""PCIESSD_DRIVE.7"": 42.0, ""PCIESSD_DRIVE.8"": 41.0, ""PCIESSD_DRIVE.9"": 42.0, ""PCIESSD_DRIVE.10"": 41.0, ""PCIESSD_DRIVE.MAX"": 42.0, ""CPU.1"": 45.155342, ""CPU.2"": 43.380482, ""DIMM_MAX"": 44.0, ""DIMM_CPU1.1"": 42.0, ""DIMM_CPU1.2"": 42.0, ""DIMM_CPU1.3"": 40.0, ""DIMM_CPU1.4"": 43.0, ""DIMM_CPU1.5"": 40.0, ""DIMM_CPU1.6"": 43.0, ""DIMM_CPU1.7"": 41.0, ""DIMM_CPU1.8"": 42.0, ""DIMM_CPU1.MAX"": 43.0, ""DIMM_CPU2.1"": 42.0, ""DIMM_CPU2.2"": 42.0, ""DIMM_CPU2.3"": 42.0, ""DIMM_CPU2.4"": 44.0, ""DIMM_CPU2.5"": 42.0, ""DIMM_CPU2.6"": 43.0, ""DIMM_CPU2.7"": 42.0, ""DIMM_CPU2.8"": 42.0, ""DIMM_CPU2.MAX"": 44.0, ""NVDIMM_BATTERY.1"": 40.0, ""NVDIMM_BATTERY.MAX"": 40.0, ""CHIPSET"": 46.0, ""NDC_ASIC.1"": 68.0, ""NDC_ASIC.MRGN"": 68.0, ""NIC_ASIC.1"": 69.0, ""NIC_ASIC.2"": 70.0, ""NIC_ASIC.MRGN"": 70.0, ""PSU_AMBIENT.1"": 46.0, ""PSU_AMBIENT.2"": 42.0, ""PSU_AMBIENT.MAX"": 46.0, ""PSU_COMP_TEMP.1"": 61.0, ""PSU_COMP_TEMP.2"": 47.200001, ""PSU_EXHAUST.1"": 57.799999, ""PSU_EXHAUST.2"": 46.599998, ""TOT_PSU_HEAT_DISS"": 39.779724, ""SYS_PWR_INPUT_AC"": 327.11676, ""SYS_PWR_OUTPUT_DC"": 287.337036, ""FAN_PWR_MAIN"": 43.490669, ""STORAGE_PWR"": 78.299843, ""CPU_PWR_ALL"": 103.733368, ""DIMM_PWR_ALL"": 17.066654, ""EB_LFM"": 438.100403, ""EB_SYS_CFM"": 55.575603, ""SYS_CFM_PER_KW_IN_PWR"": 169.895309, ""SYS_CFM_PER_KW_OUT_PWR"": 193.584518, ""SYS_CFM_PER_W_FAN_PWR"": 1.277874, ""DELTA_T_SYSTEM_RACK"": 11.034508, ""COMPUTE_PWR"": 223.520279, ""ITUE"": 1.463477, ""PTCR"": 0.132952, ""SAFE"": 3.475131, ""PSU_EFF"": 0.878393, ""PREHEAT_PCIE"": 244.529327, ""EB_SYS_EXHAUST"": 45.034508, ""EB_CPU_INLET"": 36.476635, ""EB_DIMM_INLET"": 36.476635, ""EB_PSU_INLET"": 37.306885, ""PCI_CAL_PWR"": 42.807709, ""CPU1_VR_PSTAGE.1"": 46.0, ""CPU1_VR_PSTAGE.2"": 48.0, ""CPU1_VR_PSTAGE.MAX"": 48.0, ""CPU2_VR_PSTAGE.1"": 47.0, ""CPU2_VR_PSTAGE.2"": 48.0, ""CPU2_VR_PSTAGE.MAX"": 48.0, ""PCI_INLET_CTRL"": 46.863293, ""CPU_DTS.1"": 50.240002, ""CPU_DTS.2"": 52.127998, ""VOSS_COMPONENT_NVME.1"": 39.0, ""phase"": ""rest_after_03_hpl_50pct""}"
18,2026-03-02T20:10:37.956682Z,1772482237.956683,rest_after_04_fio_100pct,324.583435,103.983368,17.266655,78.258179,43.51067,34.0,45.058628,45.117851,"{""NODE_AMBIENT"": 34.0, ""EXHAUST_AVG"": 45.058628, ""EXHAUST"": 58.200001, ""EB_PCI_INLET"": 40.077038, ""PCIESSD_DRIVE.1"": 42.0, ""PCIESSD_DRIVE.2"": 42.0, ""PCIESSD_DRIVE.3"": 42.0, ""PCIESSD_DRIVE.4"": 42.0, ""PCIESSD_DRIVE.5"": 41.0, ""PCIESSD_DRIVE.6"": 41.0, ""PCIESSD_DRIVE.7"": 42.0, ""PCIESSD_DRIVE.8"": 41.0, ""PCIESSD_DRIVE.9"": 42.0, ""PCIESSD_DRIVE.10"": 41.0, ""PCIESSD_DRIVE.MAX"": 42.0, ""CPU.1"": 45.117851, ""CPU.2"": 43.2174, ""DIMM_MAX"": 44.0, ""DIMM_CPU1.1"": 42.0, ""DIMM_CPU1.2"": 42.0, ""DIMM_CPU1.3"": 40.0, ""DIMM_CPU1.4"": 43.0, ""DIMM_CPU1.5"": 40.0, ""DIMM_CPU1.6"": 42.0, ""DIMM_CPU1.7"": 41.0, ""DIMM_CPU1.8"": 42.0, ""DIMM_CPU1.MAX"": 43.0, ""DIMM_CPU2.1"": 42.0, ""DIMM_CPU2.2"": 42.0, ""DIMM_CPU2.3"": 42.0, ""DIMM_CPU2.4"": 44.0, ""DIMM_CPU2.5"": 42.0, ""DIMM_CPU2.6"": 43.0, ""DIMM_CPU2.7"": 42.0, ""DIMM_CPU2.8"": 42.0, ""DIMM_CPU2.MAX"": 44.0, ""NVDIMM_BATTERY.1"": 40.0, ""NVDIMM_BATTERY.MAX"": 40.0, ""CHIPSET"": 46.200001, ""NDC_ASIC.1"": 68.0, ""NDC_ASIC.MRGN"": 68.0, ""NIC_ASIC.1"": 69.0, ""NIC_ASIC.2"": 71.0, ""NIC_ASIC.MRGN"": 71.0, ""PSU_AMBIENT.1"": 45.799999, ""PSU_AMBIENT.2"": 42.0, ""PSU_AMBIENT.MAX"": 45.799999, ""PSU_COMP_TEMP.1"": 61.0, ""PSU_COMP_TEMP.2"": 47.400002, ""PSU_EXHAUST.1"": 58.200001, ""PSU_EXHAUST.2"": 46.400002, ""TOT_PSU_HEAT_DISS"": 37.846405, ""SYS_PWR_INPUT_AC"": 324.583435, ""SYS_PWR_OUTPUT_DC"": 286.73703, ""FAN_PWR_MAIN"": 43.51067, ""STORAGE_PWR"": 78.258179, ""CPU_PWR_ALL"": 103.983368, ""DIMM_PWR_ALL"": 17.266655, ""EB_LFM"": 438.343933, ""EB_SYS_CFM"": 55.57349, ""SYS_CFM_PER_KW_IN_PWR"": 171.214798, ""SYS_CFM_PER_KW_OUT_PWR"": 193.813446, ""SYS_CFM_PER_W_FAN_PWR"": 1.277238, ""DELTA_T_SYSTEM_RACK"": 11.058628, ""COMPUTE_PWR"": 223.15477, ""ITUE"": 1.454522, ""PTCR"": 0.134051, ""SAFE"": 3.495258, ""PSU_EFF"": 0.8834, ""PREHEAT_PCIE"": 244.980957, ""EB_SYS_EXHAUST"": 45.058628, ""EB_CPU_INLET"": 36.47723, ""EB_DIMM_INLET"": 36.47723, ""EB_PSU_INLET"": 37.31403, ""PCI_CAL_PWR"": 41.756073, ""CPU1_VR_PSTAGE.1"": 46.0, ""CPU1_VR_PSTAGE.2"": 48.0, ""CPU1_VR_PSTAGE.MAX"": 48.0, ""CPU2_VR_PSTAGE.1"": 46.707108, ""CPU2_VR_PSTAGE.2"": 48.0, ""CPU2_VR_PSTAGE.MAX"": 48.0, ""PCI_INLET_CTRL"": 46.883331, ""CPU_DTS.1"": 50.543999, ""CPU_DTS.2"": 52.32, ""VOSS_COMPONENT_NVME.1"": 39.0, ""phase"": ""rest_after_04_fio_100pct""}"
19,2026-03-02T20:10:43.592817Z,1772482243.5928175,06_stress_cpu_full,349.516754,127.583366,17.516655,78.254845,43.780666,34.0,45.09919,55.220993,"{""NODE_AMBIENT"": 34.0, ""EXHAUST_AVG"": 45.09919, ""EXHAUST"": 57.599998, ""EB_PCI_INLET"": 40.110584, ""PCIESSD_DRIVE.1"": 42.0, ""PCIESSD_DRIVE.2"": 42.0, ""PCIESSD_DRIVE.3"": 42.0, ""PCIESSD_DRIVE.4"": 42.0, ""PCIESSD_DRIVE.5"": 41.0, ""PCIESSD_DRIVE.6"": 41.0, ""PCIESSD_DRIVE.7"": 42.0, ""PCIESSD_DRIVE.8"": 41.0, ""PCIESSD_DRIVE.9"": 42.0, ""PCIESSD_DRIVE.10"": 41.0, ""PCIESSD_DRIVE.MAX"": 42.0, ""CPU.1"": 55.220993, ""CPU.2"": 54.598991, ""DIMM_MAX"": 44.0, ""DIMM_CPU1.1"": 42.0, ""DIMM_CPU1.2"": 43.0, ""DIMM_CPU1.3"": 40.0, ""DIMM_CPU1.4"": 43.0, ""DIMM_CPU1.5"": 40.0, ""DIMM_CPU1.6"": 43.0, ""DIMM_CPU1.7"": 41.0, ""DIMM_CPU1.8"": 42.0, ""DIMM_CPU1.MAX"": 43.0, ""DIMM_CPU2.1"": 43.0, ""DIMM_CPU2.2"": 43.0, ""DIMM_CPU2.3"": 42.0, ""DIMM_CPU2.4"": 44.0, ""DIMM_CPU2.5"": 42.0, ""DIMM_CPU2.6"": 43.0, ""DIMM_CPU2.7"": 42.0, ""DIMM_CPU2.8"": 42.0, ""DIMM_CPU2.MAX"": 44.0, ""NVDIMM_BATTERY.1"": 40.0, ""NVDIMM_BATTERY.MAX"": 40.0, ""CHIPSET"": 46.200001, ""NDC_ASIC.1"": 68.0, ""NDC_ASIC.MRGN"": 68.0, ""NIC_ASIC.1"": 69.0, ""NIC_ASIC.2"": 71.0, ""NIC_ASIC.MRGN"": 71.0, ""PSU_AMBIENT.1"": 46.0, ""PSU_AMBIENT.2"": 41.599998, ""PSU_AMBIENT.MAX"": 46.0, ""PSU_COMP_TEMP.1"": 60.799999, ""PSU_COMP_TEMP.2"": 47.400002, ""PSU_EXHAUST.1"": 57.599998, ""PSU_EXHAUST.2"": 45.0, ""TOT_PSU_HEAT_DISS"": 30.046387, ""SYS_PWR_INPUT_AC"": 349.516754, ""SYS_PWR_OUTPUT_DC"": 319.470367, ""FAN_PWR_MAIN"": 43.780666, ""STORAGE_PWR"": 78.254845, ""CPU_PWR_ALL"": 127.583366, ""DIMM_PWR_ALL"": 17.516655, ""EB_LFM"": 442.331055, ""EB_SYS_CFM"": 55.645123, ""SYS_CFM_PER_KW_IN_PWR"": 159.112076, ""SYS_CFM_PER_KW_OUT_PWR"": 174.076675, ""SYS_CFM_PER_W_FAN_PWR"": 1.270998, ""DELTA_T_SYSTEM_RACK"": 11.09919, ""COMPUTE_PWR"": 253.326782, ""ITUE"": 1.379707, ""PTCR"": 0.125261, ""SAFE"": 3.254565, ""PSU_EFF"": 0.914034, ""PREHEAT_PCIE"": 270.812988, ""EB_SYS_EXHAUST"": 45.09919, ""EB_CPU_INLET"": 36.474407, ""EB_DIMM_INLET"": 36.474407, ""EB_PSU_INLET"": 37.321476, ""PCI_CAL_PWR"": 48.657379, ""CPU1_VR_PSTAGE.1"": 48.121319, ""CPU1_VR_PSTAGE.2"": 48.0, ""CPU1_VR_PSTAGE.MAX"": 48.121319, ""CPU2_VR_PSTAGE.1"": 49.535534, ""CPU2_VR_PSTAGE.2"": 48.0, ""CPU2_VR_PSTAGE.MAX"": 49.535534, ""PCI_INLET_CTRL"": 46.903133, ""CPU_DTS.1"": 35.32, ""CPU_DTS.2"": 35.464001, ""VOSS_COMPONENT_NVME.1"": 39.0, ""phase"": ""06_stress_cpu_full""}"
20,2026-03-02T20:10:49.086642Z,1772482249.0866423,06_stress_cpu_full,383.266754,155.666702,18.049988,78.264839,45.850662,34.0,45.198689,57.545959,"{""NODE_AMBIENT"": 34.0, ""EXHAUST_AVG"": 45.198689, ""EXHAUST"": 58.0, ""EB_PCI_INLET"": 40.181236, ""PCIESSD_DRIVE.1"": 42.0, ""PCIESSD_DRIVE.2"": 42.0, ""PCIESSD_DRIVE.3"": 42.0, ""PCIESSD_DRIVE.4"": 42.0, ""PCIESSD_DRIVE.5"": 41.0, ""PCIESSD_DRIVE.6"": 41.0, ""PCIESSD_DRIVE.7"": 42.0, ""PCIESSD_DRIVE.8"": 41.0, ""PCIESSD_DRIVE.9"": 42.0, ""PCIESSD_DRIVE.10"": 41.0, ""PCIESSD_DRIVE.MAX"": 42.0, ""CPU.1"": 57.545959, ""CPU.2"": 56.539291, ""DIMM_MAX"": 44.0, ""DIMM_CPU1.1"": 42.0, ""DIMM_CPU1.2"": 43.0, ""DIMM_CPU1.3"": 41.0, ""DIMM_CPU1.4"": 43.0, ""DIMM_CPU1.5"": 40.0, ""DIMM_CPU1.6"": 43.0, ""DIMM_CPU1.7"": 41.0, ""DIMM_CPU1.8"": 42.0, ""DIMM_CPU1.MAX"": 43.0, ""DIMM_CPU2.1"": 43.0, ""DIMM_CPU2.2"": 43.0, ""DIMM_CPU2.3"": 42.0, ""DIMM_CPU2.4"": 44.0, ""DIMM_CPU2.5"": 42.0, ""DIMM_CPU2.6"": 43.0, ""DIMM_CPU2.7"": 42.0, ""DIMM_CPU2.8"": 42.0, ""DIMM_CPU2.MAX"": 44.0, ""NVDIMM_BATTERY.1"": 40.0, ""NVDIMM_BATTERY.MAX"": 40.0, ""CHIPSET"": 46.0, ""NDC_ASIC.1"": 68.0, ""NDC_ASIC.MRGN"": 68.0, ""NIC_ASIC.1"": 69.0, ""NIC_ASIC.2"": 71.0, ""NIC_ASIC.MRGN"": 71.0, ""PSU_AMBIENT.1"": 45.799999, ""PSU_AMBIENT.2"": 42.0, ""PSU_AMBIENT.MAX"": 45.799999, ""PSU_COMP_TEMP.1"": 61.0, ""PSU_COMP_TEMP.2"": 48.0, ""PSU_EXHAUST.1"": 58.0, ""PSU_EXHAUST.2"": 45.0, ""TOT_PSU_HEAT_DISS"": 30.679718, ""SYS_PWR_INPUT_AC"": 383.266754, ""SYS_PWR_OUTPUT_DC"": 352.587036, ""FAN_PWR_MAIN"": 45.850662, ""STORAGE_PWR"": 78.264839, ""CPU_PWR_ALL"": 155.666702, ""DIMM_PWR_ALL"": 18.049988, ""EB_LFM"": 453.906647, ""EB_SYS_CFM"": 55.796562, ""SYS_CFM_PER_KW_IN_PWR"": 145.519333, ""SYS_CFM_PER_KW_OUT_PWR"": 158.181442, ""SYS_CFM_PER_W_FAN_PWR"": 1.216919, ""DELTA_T_SYSTEM_RACK"": 11.198689, ""COMPUTE_PWR"": 282.055267, ""ITUE"": 1.358836, ""PTCR"": 0.119631, ""SAFE"": 2.976532, ""PSU_EFF"": 0.919952, ""PREHEAT_PCIE"": 302.512177, ""EB_SYS_EXHAUST"": 45.198689, ""EB_CPU_INLET"": 36.468288, ""EB_DIMM_INLET"": 36.468288, ""EB_PSU_INLET"": 37.329945, ""PCI_CAL_PWR"": 50.07486, ""CPU1_VR_PSTAGE.1"": 49.535534, ""CPU1_VR_PSTAGE.2"": 48.707108, ""CPU1_VR_PSTAGE.MAX"": 49.535534, ""CPU2_VR_PSTAGE.1"": 50.242641, ""CPU2_VR_PSTAGE.2"": 48.707108, ""CPU2_VR_PSTAGE.MAX"": 50.242641, ""PCI_INLET_CTRL"": 46.93911, ""CPU_DTS.1"": 32.032001, ""CPU_DTS.2"": 32.720001, ""VOSS_COMPONENT_NVME.1"": 39.0, ""phase"": ""06_stress_cpu_full""}"
21,2026-03-02T20:10:54.520631Z,1772482254.5206313,06_stress_cpu_full,418.383423,185.466705,18.666655,78.248169,48.890652,34.0,45.354801,59.588089,"{""NODE_AMBIENT"": 34.0, ""EXHAUST_AVG"": 45.354801, ""EXHAUST"": 57.200001, ""EB_PCI_INLET"": 40.289391, ""PCIESSD_DRIVE.1"": 42.0, ""PCIESSD_DRIVE.2"": 42.0, ""PCIESSD_DRIVE.3"": 42.0, ""PCIESSD_DRIVE.4"": 42.0, ""PCIESSD_DRIVE.5"": 41.0, ""PCIESSD_DRIVE.6"": 41.0, ""PCIESSD_DRIVE.7"": 42.0, ""PCIESSD_DRIVE.8"": 41.0, ""PCIESSD_DRIVE.9"": 42.0, ""PCIESSD_DRIVE.10"": 41.0, ""PCIESSD_DRIVE.MAX"": 42.0, ""CPU.1"": 59.588089, ""CPU.2"": 58.626675, ""DIMM_MAX"": 45.0, ""DIMM_CPU1.1"": 42.0, ""DIMM_CPU1.2"": 43.0, ""DIMM_CPU1.3"": 41.0, ""DIMM_CPU1.4"": 43.0, ""DIMM_CPU1.5"": 40.0, ""DIMM_CPU1.6"": 43.0, ""DIMM_CPU1.7"": 41.0, ""DIMM_CPU1.8"": 42.0, ""DIMM_CPU1.MAX"": 43.0, ""DIMM_CPU2.1"": 43.0, ""DIMM_CPU2.2"": 43.0, ""DIMM_CPU2.3"": 42.0, ""DIMM_CPU2.4"": 45.0, ""DIMM_CPU2.5"": 42.0, ""DIMM_CPU2.6"": 43.0, ""DIMM_CPU2.7"": 43.0, ""DIMM_CPU2.8"": 43.0, ""DIMM_CPU2.MAX"": 45.0, ""NVDIMM_BATTERY.1"": 40.0, ""NVDIMM_BATTERY.MAX"": 40.0, ""CHIPSET"": 45.799999, ""NDC_ASIC.1"": 68.0, ""NDC_ASIC.MRGN"": 68.0, ""NIC_ASIC.1"": 69.0, ""NIC_ASIC.2"": 70.199997, ""NIC_ASIC.MRGN"": 70.199997, ""PSU_AMBIENT.1"": 46.0, ""PSU_AMBIENT.2"": 42.0, ""PSU_AMBIENT.MAX"": 46.0, ""PSU_COMP_TEMP.1"": 61.0, ""PSU_COMP_TEMP.2"": 48.799999, ""PSU_EXHAUST.1"": 57.200001, ""PSU_EXHAUST.2"": 45.0, ""TOT_PSU_HEAT_DISS"": 32.696381, ""SYS_PWR_INPUT_AC"": 418.383423, ""SYS_PWR_OUTPUT_DC"": 385.687042, ""FAN_PWR_MAIN"": 48.890652, ""STORAGE_PWR"": 78.248169, ""CPU_PWR_ALL"": 185.466705, ""DIMM_PWR_ALL"": 18.666655, ""EB_LFM"": 467.381989, ""EB_SYS_CFM"": 56.12138, ""SYS_CFM_PER_KW_IN_PWR"": 133.983215, ""SYS_CFM_PER_KW_OUT_PWR"": 145.341553, ""SYS_CFM_PER_W_FAN_PWR"": 1.147896, ""DELTA_T_SYSTEM_RACK"": 11.354801, ""COMPUTE_PWR"": 309.798309, ""ITUE"": 1.350503, ""PTCR"": 0.116856, ""SAFE"": 2.740566, ""PSU_EFF"": 0.921851, ""PREHEAT_PCIE"": 337.859497, ""EB_SYS_EXHAUST"": 45.354801, ""EB_CPU_INLET"": 36.45496, ""EB_DIMM_INLET"": 36.45496, ""EB_PSU_INLET"": 37.337742, ""PCI_CAL_PWR"": 47.827545, ""CPU1_VR_PSTAGE.1"": 50.242641, ""CPU1_VR_PSTAGE.2"": 48.707108, ""CPU1_VR_PSTAGE.MAX"": 50.242641, ""CPU2_VR_PSTAGE.1"": 50.949749, ""CPU2_VR_PSTAGE.2"": 48.707108, ""CPU2_VR_PSTAGE.MAX"": 50.949749, ""PCI_INLET_CTRL"": 47.031567, ""CPU_DTS.1"": 29.143999, ""CPU_DTS.2"": 29.768, ""VOSS_COMPONENT_NVME.1"": 39.0, ""phase"": ""06_stress_cpu_full""}"
22,2026-03-02T20:11:00.020731Z,1772482260.020732,06_stress_cpu_full,451.983429,207.250031,19.049988,78.266495,51.57066,34.0,45.581078,63.765461,"{""NODE_AMBIENT"": 34.0, ""EXHAUST_AVG"": 45.581078, ""EXHAUST"": 57.799999, ""EB_PCI_INLET"": 40.432652, ""PCIESSD_DRIVE.1"": 42.0, ""PCIESSD_DRIVE.2"": 42.0, ""PCIESSD_DRIVE.3"": 42.0, ""PCIESSD_DRIVE.4"": 42.0, ""PCIESSD_DRIVE.5"": 41.0, ""PCIESSD_DRIVE.6"": 41.0, ""PCIESSD_DRIVE.7"": 42.0, ""PCIESSD_DRIVE.8"": 41.0, ""PCIESSD_DRIVE.9"": 42.0, ""PCIESSD_DRIVE.10"": 41.0, ""PCIESSD_DRIVE.MAX"": 42.0, ""CPU.1"": 63.765461, ""CPU.2"": 63.12719, ""DIMM_MAX"": 45.0, ""DIMM_CPU1.1"": 43.0, ""DIMM_CPU1.2"": 43.0, ""DIMM_CPU1.3"": 41.0, ""DIMM_CPU1.4"": 43.0, ""DIMM_CPU1.5"": 40.0, ""DIMM_CPU1.6"": 43.0, ""DIMM_CPU1.7"": 42.0, ""DIMM_CPU1.8"": 42.0, ""DIMM_CPU1.MAX"": 43.0, ""DIMM_CPU2.1"": 43.0, ""DIMM_CPU2.2"": 43.0, ""DIMM_CPU2.3"": 43.0, ""DIMM_CPU2.4"": 45.0, ""DIMM_CPU2.5"": 42.0, ""DIMM_CPU2.6"": 44.0, ""DIMM_CPU2.7"": 43.0, ""DIMM_CPU2.8"": 43.0, ""DIMM_CPU2.MAX"": 45.0, ""NVDIMM_BATTERY.1"": 40.0, ""NVDIMM_BATTERY.MAX"": 40.0, ""CHIPSET"": 46.200001, ""NDC_ASIC.1"": 68.0, ""NDC_ASIC.MRGN"": 68.0, ""NIC_ASIC.1"": 69.0, ""NIC_ASIC.2"": 71.0, ""NIC_ASIC.MRGN"": 71.0, ""PSU_AMBIENT.1"": 47.0, ""PSU_AMBIENT.2"": 42.0, ""PSU_AMBIENT.MAX"": 47.0, ""PSU_COMP_TEMP.1"": 61.0, ""PSU_COMP_TEMP.2"": 49.200001, ""PSU_EXHAUST.1"": 57.799999, ""PSU_EXHAUST.2"": 45.599998, ""TOT_PSU_HEAT_DISS"": 41.313049, ""SYS_PWR_INPUT_AC"": 451.983429, ""SYS_PWR_OUTPUT_DC"": 410.67038, ""FAN_PWR_MAIN"": 51.57066, ""STORAGE_PWR"": 78.266495, ""CPU_PWR_ALL"": 207.250031, ""DIMM_PWR_ALL"": 19.049988, ""EB_LFM"": 478.044281, ""EB_SYS_CFM"": 56.545174, ""SYS_CFM_PER_KW_IN_PWR"": 125.10453, ""SYS_CFM_PER_KW_OUT_PWR"": 137.689911, ""SYS_CFM_PER_W_FAN_PWR"": 1.09646, ""DELTA_T_SYSTEM_RACK"": 11.581078, ""COMPUTE_PWR"": 330.352783, ""ITUE"": 1.368184, ""PTCR"": 0.114099, ""SAFE"": 2.558956, ""PSU_EFF"": 0.908596, ""PREHEAT_PCIE"": 363.310364, ""EB_SYS_EXHAUST"": 45.581078, ""EB_CPU_INLET"": 36.43792, ""EB_DIMM_INLET"": 36.43792, ""EB_PSU_INLET"": 37.346111, ""PCI_CAL_PWR"": 47.360016, ""CPU1_VR_PSTAGE.1"": 50.535534, ""CPU1_VR_PSTAGE.2"": 48.707108, ""CPU1_VR_PSTAGE.MAX"": 50.535534, ""CPU2_VR_PSTAGE.1"": 52.535534, ""CPU2_VR_PSTAGE.2"": 48.707108, ""CPU2_VR_PSTAGE.MAX"": 52.535534, ""PCI_INLET_CTRL"": 47.170303, ""CPU_DTS.1"": 38.464001, ""CPU_DTS.2"": 39.832001, ""VOSS_COMPONENT_NVME.1"": 39.0, ""phase"": ""06_stress_cpu_full""}"
23,2026-03-02T20:11:05.455452Z,1772482265.4554522,rest_after_06_stress_cpu_full,461.483429,218.266693,19.266655,78.223167,53.810677,34.0,45.810692,63.156242,"{""NODE_AMBIENT"": 34.0, ""EXHAUST_AVG"": 45.810692, ""EXHAUST"": 58.400002, ""EB_PCI_INLET"": 40.581497, ""PCIESSD_DRIVE.1"": 42.0, ""PCIESSD_DRIVE.2"": 42.0, ""PCIESSD_DRIVE.3"": 42.0, ""PCIESSD_DRIVE.4"": 42.0, ""PCIESSD_DRIVE.5"": 41.0, ""PCIESSD_DRIVE.6"": 41.0, ""PCIESSD_DRIVE.7"": 42.0, ""PCIESSD_DRIVE.8"": 41.0, ""PCIESSD_DRIVE.9"": 42.0, ""PCIESSD_DRIVE.10"": 41.0, ""PCIESSD_DRIVE.MAX"": 42.0, ""CPU.1"": 63.156242, ""CPU.2"": 62.513287, ""DIMM_MAX"": 45.0, ""DIMM_CPU1.1"": 43.0, ""DIMM_CPU1.2"": 43.0, ""DIMM_CPU1.3"": 41.0, ""DIMM_CPU1.4"": 43.0, ""DIMM_CPU1.5"": 40.0, ""DIMM_CPU1.6"": 44.0, ""DIMM_CPU1.7"": 42.0, ""DIMM_CPU1.8"": 42.0, ""DIMM_CPU1.MAX"": 44.0, ""DIMM_CPU2.1"": 43.0, ""DIMM_CPU2.2"": 43.0, ""DIMM_CPU2.3"": 43.0, ""DIMM_CPU2.4"": 45.0, ""DIMM_CPU2.5"": 42.0, ""DIMM_CPU2.6"": 44.0, ""DIMM_CPU2.7"": 43.0, ""DIMM_CPU2.8"": 43.0, ""DIMM_CPU2.MAX"": 45.0, ""NVDIMM_BATTERY.1"": 40.0, ""NVDIMM_BATTERY.MAX"": 40.0, ""CHIPSET"": 46.200001, ""NDC_ASIC.1"": 68.199997, ""NDC_ASIC.MRGN"": 68.199997, ""NIC_ASIC.1"": 69.0, ""NIC_ASIC.2"": 71.0, ""NIC_ASIC.MRGN"": 71.0, ""PSU_AMBIENT.1"": 47.0, ""PSU_AMBIENT.2"": 42.0, ""PSU_AMBIENT.MAX"": 47.0, ""PSU_COMP_TEMP.1"": 61.0, ""PSU_COMP_TEMP.2"": 50.0, ""PSU_EXHAUST.1"": 58.400002, ""PSU_EXHAUST.2"": 46.599998, ""TOT_PSU_HEAT_DISS"": 36.963043, ""SYS_PWR_INPUT_AC"": 461.483429, ""SYS_PWR_OUTPUT_DC"": 424.520386, ""FAN_PWR_MAIN"": 53.810677, ""STORAGE_PWR"": 78.223167, ""CPU_PWR_ALL"": 218.266693, ""DIMM_PWR_ALL"": 19.266655, ""EB_LFM"": 488.335693, ""EB_SYS_CFM"": 57.088669, ""SYS_CFM_PER_KW_IN_PWR"": 123.706871, ""SYS_CFM_PER_KW_OUT_PWR"": 134.478027, ""SYS_CFM_PER_W_FAN_PWR"": 1.060917, ""DELTA_T_SYSTEM_RACK"": 11.810692, ""COMPUTE_PWR"": 340.993286, ""ITUE"": 1.353351, ""PTCR"": 0.116604, ""SAFE"": 2.530368, ""PSU_EFF"": 0.919904, ""PREHEAT_PCIE"": 376.696045, ""EB_SYS_EXHAUST"": 45.810692, ""EB_CPU_INLET"": 36.416267, ""EB_DIMM_INLET"": 36.416267, ""EB_PSU_INLET"": 37.350525, ""PCI_CAL_PWR"": 47.824341, ""CPU1_VR_PSTAGE.1"": 51.121319, ""CPU1_VR_PSTAGE.2"": 48.707108, ""CPU1_VR_PSTAGE.MAX"": 51.121319, ""CPU2_VR_PSTAGE.1"": 52.828426, ""CPU2_VR_PSTAGE.2"": 48.707108, ""CPU2_VR_PSTAGE.MAX"": 52.828426, ""PCI_INLET_CTRL"": 47.34119, ""CPU_DTS.1"": 33.832001, ""CPU_DTS.2"": 33.863998, ""VOSS_COMPONENT_NVME.1"": 39.0, ""phase"": ""rest_after_06_stress_cpu_full""}"
24,2026-03-02T20:11:10.956497Z,1772482270.9564974,07_stress_cpu_half,490.683441,241.850037,19.349987,78.233154,53.680676,34.0,46.18446,63.156242,"{""NODE_AMBIENT"": 34.0, ""EXHAUST_AVG"": 46.18446, ""EXHAUST"": 58.0, ""EB_PCI_INLET"": 40.829384, ""PCIESSD_DRIVE.1"": 42.0, ""PCIESSD_DRIVE.2"": 42.0, ""PCIESSD_DRIVE.3"": 42.0, ""PCIESSD_DRIVE.4"": 42.0, ""PCIESSD_DRIVE.5"": 41.0, ""PCIESSD_DRIVE.6"": 41.0, ""PCIESSD_DRIVE.7"": 42.0, ""PCIESSD_DRIVE.8"": 41.0, ""PCIESSD_DRIVE.9"": 42.0, ""PCIESSD_DRIVE.10"": 41.0, ""PCIESSD_DRIVE.MAX"": 42.0, ""CPU.1"": 63.156242, ""CPU.2"": 62.513287, ""DIMM_MAX"": 45.0, ""DIMM_CPU1.1"": 43.0, ""DIMM_CPU1.2"": 43.0, ""DIMM_CPU1.3"": 41.0, ""DIMM_CPU1.4"": 44.0, ""DIMM_CPU1.5"": 40.0, ""DIMM_CPU1.6"": 44.0, ""DIMM_CPU1.7"": 42.0, ""DIMM_CPU1.8"": 42.0, ""DIMM_CPU1.MAX"": 44.0, ""DIMM_CPU2.1"": 43.0, ""DIMM_CPU2.2"": 43.0, ""DIMM_CPU2.3"": 43.0, ""DIMM_CPU2.4"": 45.0, ""DIMM_CPU2.5"": 42.0, ""DIMM_CPU2.6"": 44.0, ""DIMM_CPU2.7"": 43.0, ""DIMM_CPU2.8"": 43.0, ""DIMM_CPU2.MAX"": 45.0, ""NVDIMM_BATTERY.1"": 40.0, ""NVDIMM_BATTERY.MAX"": 40.0, ""CHIPSET"": 46.0, ""NDC_ASIC.1"": 69.0, ""NDC_ASIC.MRGN"": 69.0, ""NIC_ASIC.1"": 69.0, ""NIC_ASIC.2"": 71.0, ""NIC_ASIC.MRGN"": 71.0, ""PSU_AMBIENT.1"": 47.799999, ""PSU_AMBIENT.2"": 42.0, ""PSU_AMBIENT.MAX"": 47.799999, ""PSU_COMP_TEMP.1"": 61.0, ""PSU_COMP_TEMP.2"": 50.200001, ""PSU_EXHAUST.1"": 58.0, ""PSU_EXHAUST.2"": 46.200001, ""TOT_PSU_HEAT_DISS"": 37.263062, ""SYS_PWR_INPUT_AC"": 490.683441, ""SYS_PWR_OUTPUT_DC"": 453.42038, ""FAN_PWR_MAIN"": 53.680676, ""STORAGE_PWR"": 78.233154, ""CPU_PWR_ALL"": 241.850037, ""DIMM_PWR_ALL"": 19.349987, ""EB_LFM"": 484.137848, ""EB_SYS_CFM"": 57.554604, ""SYS_CFM_PER_KW_IN_PWR"": 117.294777, ""SYS_CFM_PER_KW_OUT_PWR"": 126.934303, ""SYS_CFM_PER_W_FAN_PWR"": 1.072166, ""DELTA_T_SYSTEM_RACK"": 12.18446, ""COMPUTE_PWR"": 368.000275, ""ITUE"": 1.333378, ""PTCR"": 0.1094, ""SAFE"": 2.399211, ""PSU_EFF"": 0.924059, ""PREHEAT_PCIE"": 402.673615, ""EB_SYS_EXHAUST"": 46.18446, ""EB_CPU_INLET"": 36.397026, ""EB_DIMM_INLET"": 36.397026, ""EB_PSU_INLET"": 37.372135, ""PCI_CAL_PWR"": 50.746765, ""CPU1_VR_PSTAGE.1"": 51.121319, ""CPU1_VR_PSTAGE.2"": 48.707108, ""CPU1_VR_PSTAGE.MAX"": 51.121319, ""CPU2_VR_PSTAGE.1"": 52.828426, ""CPU2_VR_PSTAGE.2"": 48.707108, ""CPU2_VR_PSTAGE.MAX"": 52.828426, ""PCI_INLET_CTRL"": 47.717464, ""CPU_DTS.1"": 30.368, ""CPU_DTS.2"": 30.431999, ""VOSS_COMPONENT_NVME.1"": 39.0, ""phase"": ""07_stress_cpu_half""}"
25,2026-03-02T20:11:16.387576Z,1772482276.3875768,07_stress_cpu_half,522.516785,267.983337,19.966654,78.271484,51.390663,34.0,46.598434,63.156242,"{""NODE_AMBIENT"": 34.0, ""EXHAUST_AVG"": 46.598434, ""EXHAUST"": 58.0, ""EB_PCI_INLET"": 41.090282, ""PCIESSD_DRIVE.1"": 42.0, ""PCIESSD_DRIVE.2"": 42.0, ""PCIESSD_DRIVE.3"": 42.0, ""PCIESSD_DRIVE.4"": 42.0, ""PCIESSD_DRIVE.5"": 41.0, ""PCIESSD_DRIVE.6"": 41.0, ""PCIESSD_DRIVE.7"": 42.0, ""PCIESSD_DRIVE.8"": 41.0, ""PCIESSD_DRIVE.9"": 42.0, ""PCIESSD_DRIVE.10"": 41.0, ""PCIESSD_DRIVE.MAX"": 42.0, ""CPU.1"": 63.156242, ""CPU.2"": 62.592484, ""DIMM_MAX"": 45.0, ""DIMM_CPU1.1"": 43.0, ""DIMM_CPU1.2"": 43.0, ""DIMM_CPU1.3"": 41.0, ""DIMM_CPU1.4"": 44.0, ""DIMM_CPU1.5"": 41.0, ""DIMM_CPU1.6"": 44.0, ""DIMM_CPU1.7"": 42.0, ""DIMM_CPU1.8"": 43.0, ""DIMM_CPU1.MAX"": 44.0, ""DIMM_CPU2.1"": 43.0, ""DIMM_CPU2.2"": 44.0, ""DIMM_CPU2.3"": 43.0, ""DIMM_CPU2.4"": 45.0, ""DIMM_CPU2.5"": 43.0, ""DIMM_CPU2.6"": 44.0, ""DIMM_CPU2.7"": 43.0, ""DIMM_CPU2.8"": 43.0, ""DIMM_CPU2.MAX"": 45.0, ""NVDIMM_BATTERY.1"": 40.0, ""NVDIMM_BATTERY.MAX"": 40.0, ""CHIPSET"": 46.400002, ""NDC_ASIC.1"": 69.0, ""NDC_ASIC.MRGN"": 69.0, ""NIC_ASIC.1"": 69.0, ""NIC_ASIC.2"": 71.0, ""NIC_ASIC.MRGN"": 71.0, ""PSU_AMBIENT.1"": 48.0, ""PSU_AMBIENT.2"": 42.0, ""PSU_AMBIENT.MAX"": 48.0, ""PSU_COMP_TEMP.1"": 61.0, ""PSU_COMP_TEMP.2"": 50.599998, ""PSU_EXHAUST.1"": 58.0, ""PSU_EXHAUST.2"": 47.0, ""TOT_PSU_HEAT_DISS"": 38.463074, ""SYS_PWR_INPUT_AC"": 522.516785, ""SYS_PWR_OUTPUT_DC"": 484.053711, ""FAN_PWR_MAIN"": 51.390663, ""STORAGE_PWR"": 78.271484, ""CPU_PWR_ALL"": 267.983337, ""DIMM_PWR_ALL"": 19.966654, ""EB_LFM"": 472.243988, ""EB_SYS_CFM"": 57.833794, ""SYS_CFM_PER_KW_IN_PWR"": 110.604507, ""SYS_CFM_PER_KW_OUT_PWR"": 119.393188, ""SYS_CFM_PER_W_FAN_PWR"": 1.125376, ""DELTA_T_SYSTEM_RACK"": 12.598434, ""COMPUTE_PWR"": 398.779297, ""ITUE"": 1.310291, ""PTCR"": 0.098352, ""SAFE"": 2.262365, ""PSU_EFF"": 0.926389, ""PREHEAT_PCIE"": 430.069885, ""EB_SYS_EXHAUST"": 46.598434, ""EB_CPU_INLET"": 36.385437, ""EB_DIMM_INLET"": 36.385437, ""EB_PSU_INLET"": 37.402412, ""PCI_CAL_PWR"": 53.983826, ""CPU1_VR_PSTAGE.1"": 51.121319, ""CPU1_VR_PSTAGE.2"": 48.707108, ""CPU1_VR_PSTAGE.MAX"": 51.121319, ""CPU2_VR_PSTAGE.1"": 52.828426, ""CPU2_VR_PSTAGE.2"": 49.414215, ""CPU2_VR_PSTAGE.MAX"": 52.828426, ""PCI_INLET_CTRL"": 48.008423, ""CPU_DTS.1"": 28.912001, ""CPU_DTS.2"": 28.464001, ""VOSS_COMPONENT_NVME.1"": 39.0, ""phase"": ""07_stress_cpu_half""}"
26,2026-03-02T20:11:21.887585Z,1772482281.8875859,07_stress_cpu_half,560.433472,298.633331,20.199987,78.263138,48.51067,34.0,47.133301,63.693645,"{""NODE_AMBIENT"": 34.0, ""EXHAUST_AVG"": 47.133301, ""EXHAUST"": 58.0, ""EB_PCI_INLET"": 41.411762, ""PCIESSD_DRIVE.1"": 42.0, ""PCIESSD_DRIVE.2"": 42.0, ""PCIESSD_DRIVE.3"": 42.0, ""PCIESSD_DRIVE.4"": 42.0, ""PCIESSD_DRIVE.5"": 41.0, ""PCIESSD_DRIVE.6"": 41.0, ""PCIESSD_DRIVE.7"": 42.0, ""PCIESSD_DRIVE.8"": 41.0, ""PCIESSD_DRIVE.9"": 42.0, ""PCIESSD_DRIVE.10"": 41.0, ""PCIESSD_DRIVE.MAX"": 42.0, ""CPU.1"": 63.693645, ""CPU.2"": 63.95013, ""DIMM_MAX"": 46.0, ""DIMM_CPU1.1"": 43.0, ""DIMM_CPU1.2"": 44.0, ""DIMM_CPU1.3"": 41.0, ""DIMM_CPU1.4"": 44.0, ""DIMM_CPU1.5"": 41.0, ""DIMM_CPU1.6"": 44.0, ""DIMM_CPU1.7"": 42.0, ""DIMM_CPU1.8"": 43.0, ""DIMM_CPU1.MAX"": 44.0, ""DIMM_CPU2.1"": 44.0, ""DIMM_CPU2.2"": 44.0, ""DIMM_CPU2.3"": 43.0, ""DIMM_CPU2.4"": 46.0, ""DIMM_CPU2.5"": 43.0, ""DIMM_CPU2.6"": 45.0, ""DIMM_CPU2.7"": 43.0, ""DIMM_CPU2.8"": 43.0, ""DIMM_CPU2.MAX"": 46.0, ""NVDIMM_BATTERY.1"": 40.0, ""NVDIMM_BATTERY.MAX"": 40.0, ""CHIPSET"": 46.200001, ""NDC_ASIC.1"": 69.0, ""NDC_ASIC.MRGN"": 69.0, ""NIC_ASIC.1"": 69.0, ""NIC_ASIC.2"": 71.0, ""NIC_ASIC.MRGN"": 71.0, ""PSU_AMBIENT.1"": 48.599998, ""PSU_AMBIENT.2"": 42.200001, ""PSU_AMBIENT.MAX"": 48.599998, ""PSU_COMP_TEMP.1"": 61.0, ""PSU_COMP_TEMP.2"": 51.0, ""PSU_EXHAUST.1"": 58.0, ""PSU_EXHAUST.2"": 47.0, ""TOT_PSU_HEAT_DISS"": 41.246399, ""SYS_PWR_INPUT_AC"": 560.433472, ""SYS_PWR_OUTPUT_DC"": 519.187073, ""FAN_PWR_MAIN"": 48.51067, ""STORAGE_PWR"": 78.263138, ""CPU_PWR_ALL"": 298.633331, ""DIMM_PWR_ALL"": 20.199987, ""EB_LFM"": 461.743652, ""EB_SYS_CFM"": 57.98275, ""SYS_CFM_PER_KW_IN_PWR"": 103.460541, ""SYS_CFM_PER_KW_OUT_PWR"": 111.679878, ""SYS_CFM_PER_W_FAN_PWR"": 1.195258, ""DELTA_T_SYSTEM_RACK"": 13.133301, ""COMPUTE_PWR"": 434.333313, ""ITUE"": 1.29033, ""PTCR"": 0.086559, ""SAFE"": 2.116238, ""PSU_EFF"": 0.926403, ""PREHEAT_PCIE"": 461.268494, ""EB_SYS_EXHAUST"": 47.133301, ""EB_CPU_INLET"": 36.379147, ""EB_DIMM_INLET"": 36.379147, ""EB_PSU_INLET"": 37.447727, ""PCI_CAL_PWR"": 57.918579, ""CPU1_VR_PSTAGE.1"": 51.828426, ""CPU1_VR_PSTAGE.2"": 49.414215, ""CPU1_VR_PSTAGE.MAX"": 51.828426, ""CPU2_VR_PSTAGE.1"": 52.828426, ""CPU2_VR_PSTAGE.2"": 49.414215, ""CPU2_VR_PSTAGE.MAX"": 52.828426, ""PCI_INLET_CTRL"": 48.371872, ""CPU_DTS.1"": 27.48, ""CPU_DTS.2"": 26.544001, ""VOSS_COMPONENT_NVME.1"": 39.0, ""phase"": ""07_stress_cpu_half""}"
27,2026-03-02T20:11:27.327351Z,1772482287.3273513,07_stress_cpu_half,574.633484,310.816681,20.499989,78.254799,47.200672,34.0,47.867718,65.130119,"{""NODE_AMBIENT"": 34.0, ""EXHAUST_AVG"": 47.867718, ""EXHAUST"": 58.799999, ""EB_PCI_INLET"": 41.836987, ""PCIESSD_DRIVE.1"": 42.0, ""PCIESSD_DRIVE.2"": 42.0, ""PCIESSD_DRIVE.3"": 42.0, ""PCIESSD_DRIVE.4"": 42.0, ""PCIESSD_DRIVE.5"": 41.0, ""PCIESSD_DRIVE.6"": 41.0, ""PCIESSD_DRIVE.7"": 42.0, ""PCIESSD_DRIVE.8"": 41.0, ""PCIESSD_DRIVE.9"": 42.0, ""PCIESSD_DRIVE.10"": 41.0, ""PCIESSD_DRIVE.MAX"": 42.0, ""CPU.1"": 65.130119, ""CPU.2"": 65.417938, ""DIMM_MAX"": 46.0, ""DIMM_CPU1.1"": 44.0, ""DIMM_CPU1.2"": 44.0, ""DIMM_CPU1.3"": 41.0, ""DIMM_CPU1.4"": 45.0, ""DIMM_CPU1.5"": 41.0, ""DIMM_CPU1.6"": 44.0, ""DIMM_CPU1.7"": 42.0, ""DIMM_CPU1.8"": 43.0, ""DIMM_CPU1.MAX"": 45.0, ""DIMM_CPU2.1"": 44.0, ""DIMM_CPU2.2"": 44.0, ""DIMM_CPU2.3"": 43.0, ""DIMM_CPU2.4"": 46.0, ""DIMM_CPU2.5"": 43.0, ""DIMM_CPU2.6"": 45.0, ""DIMM_CPU2.7"": 43.0, ""DIMM_CPU2.8"": 43.0, ""DIMM_CPU2.MAX"": 46.0, ""NVDIMM_BATTERY.1"": 40.0, ""NVDIMM_BATTERY.MAX"": 40.0, ""CHIPSET"": 46.400002, ""NDC_ASIC.1"": 69.599998, ""NDC_ASIC.MRGN"": 69.599998, ""NIC_ASIC.1"": 69.0, ""NIC_ASIC.2"": 71.0, ""NIC_ASIC.MRGN"": 71.0, ""PSU_AMBIENT.1"": 49.0, ""PSU_AMBIENT.2"": 42.799999, ""PSU_AMBIENT.MAX"": 49.0, ""PSU_COMP_TEMP.1"": 61.0, ""PSU_COMP_TEMP.2"": 51.599998, ""PSU_EXHAUST.1"": 58.799999, ""PSU_EXHAUST.2"": 48.0, ""TOT_PSU_HEAT_DISS"": 50.096375, ""SYS_PWR_INPUT_AC"": 574.633484, ""SYS_PWR_OUTPUT_DC"": 524.537109, ""FAN_PWR_MAIN"": 47.200672, ""STORAGE_PWR"": 78.254799, ""CPU_PWR_ALL"": 310.816681, ""DIMM_PWR_ALL"": 20.499989, ""EB_LFM"": 456.410797, ""EB_SYS_CFM"": 58.220448, ""SYS_CFM_PER_KW_IN_PWR"": 101.232544, ""SYS_CFM_PER_KW_OUT_PWR"": 110.900841, ""SYS_CFM_PER_W_FAN_PWR"": 1.233467, ""DELTA_T_SYSTEM_RACK"": 13.867718, ""COMPUTE_PWR"": 440.618835, ""ITUE"": 1.304151, ""PTCR"": 0.08214, ""SAFE"": 2.070666, ""PSU_EFF"": 0.91282, ""PREHEAT_PCIE"": 473.419098, ""EB_SYS_EXHAUST"": 47.867718, ""EB_CPU_INLET"": 36.368935, ""EB_DIMM_INLET"": 36.368935, ""EB_PSU_INLET"": 37.507008, ""PCI_CAL_PWR"": 51.118011, ""CPU1_VR_PSTAGE.1"": 52.414215, ""CPU1_VR_PSTAGE.2"": 49.707108, ""CPU1_VR_PSTAGE.MAX"": 52.414215, ""CPU2_VR_PSTAGE.1"": 53.121319, ""CPU2_VR_PSTAGE.2"": 49.707108, ""CPU2_VR_PSTAGE.MAX"": 53.121319, ""PCI_INLET_CTRL"": 48.786419, ""CPU_DTS.1"": 36.528, ""CPU_DTS.2"": 37.495998, ""VOSS_COMPONENT_NVME.1"": 39.0, ""phase"": ""07_stress_cpu_half""}"
28,2026-03-02T20:11:32.824407Z,1772482292.8244073,rest_after_07_stress_cpu_half,581.416809,311.333344,21.333321,78.244797,47.380672,34.0,48.526127,64.698982,"{""NODE_AMBIENT"": 34.0, ""EXHAUST_AVG"": 48.526127, ""EXHAUST"": 59.0, ""EB_PCI_INLET"": 42.213493, ""PCIESSD_DRIVE.1"": 42.0, ""PCIESSD_DRIVE.2"": 42.0, ""PCIESSD_DRIVE.3"": 42.0, ""PCIESSD_DRIVE.4"": 42.0, ""PCIESSD_DRIVE.5"": 41.0, ""PCIESSD_DRIVE.6"": 41.0, ""PCIESSD_DRIVE.7"": 41.799999, ""PCIESSD_DRIVE.8"": 41.0, ""PCIESSD_DRIVE.9"": 42.0, ""PCIESSD_DRIVE.10"": 41.0, ""PCIESSD_DRIVE.MAX"": 42.0, ""CPU.1"": 64.698982, ""CPU.2"": 64.993828, ""DIMM_MAX"": 46.0, ""DIMM_CPU1.1"": 44.0, ""DIMM_CPU1.2"": 44.0, ""DIMM_CPU1.3"": 41.0, ""DIMM_CPU1.4"": 45.0, ""DIMM_CPU1.5"": 41.0, ""DIMM_CPU1.6"": 44.0, ""DIMM_CPU1.7"": 42.0, ""DIMM_CPU1.8"": 43.0, ""DIMM_CPU1.MAX"": 45.0, ""DIMM_CPU2.1"": 44.0, ""DIMM_CPU2.2"": 44.0, ""DIMM_CPU2.3"": 43.0, ""DIMM_CPU2.4"": 46.0, ""DIMM_CPU2.5"": 43.0, ""DIMM_CPU2.6"": 45.0, ""DIMM_CPU2.7"": 43.0, ""DIMM_CPU2.8"": 43.0, ""DIMM_CPU2.MAX"": 46.0, ""NVDIMM_BATTERY.1"": 40.0, ""NVDIMM_BATTERY.MAX"": 40.0, ""CHIPSET"": 46.400002, ""NDC_ASIC.1"": 70.0, ""NDC_ASIC.MRGN"": 70.0, ""NIC_ASIC.1"": 69.400002, ""NIC_ASIC.2"": 71.0, ""NIC_ASIC.MRGN"": 71.0, ""PSU_AMBIENT.1"": 49.599998, ""PSU_AMBIENT.2"": 43.0, ""PSU_AMBIENT.MAX"": 49.599998, ""PSU_COMP_TEMP.1"": 61.200001, ""PSU_COMP_TEMP.2"": 52.799999, ""PSU_EXHAUST.1"": 59.0, ""PSU_EXHAUST.2"": 48.599998, ""TOT_PSU_HEAT_DISS"": 54.163025, ""SYS_PWR_INPUT_AC"": 581.416809, ""SYS_PWR_OUTPUT_DC"": 527.253784, ""FAN_PWR_MAIN"": 47.380672, ""STORAGE_PWR"": 78.244797, ""CPU_PWR_ALL"": 311.333344, ""DIMM_PWR_ALL"": 21.333321, ""EB_LFM"": 454.655212, ""EB_SYS_CFM"": 58.340702, ""SYS_CFM_PER_KW_IN_PWR"": 100.3423, ""SYS_CFM_PER_KW_OUT_PWR"": 110.650139, ""SYS_CFM_PER_W_FAN_PWR"": 1.231319, ""DELTA_T_SYSTEM_RACK"": 14.526127, ""COMPUTE_PWR"": 442.965332, ""ITUE"": 1.312556, ""PTCR"": 0.081492, ""SAFE"": 2.052456, ""PSU_EFF"": 0.906843, ""PREHEAT_PCIE"": 475.036377, ""EB_SYS_EXHAUST"": 48.526127, ""EB_CPU_INLET"": 36.363693, ""EB_DIMM_INLET"": 36.363693, ""EB_PSU_INLET"": 37.563698, ""PCI_CAL_PWR"": 52.217407, ""CPU1_VR_PSTAGE.1"": 51.828426, ""CPU1_VR_PSTAGE.2"": 49.707108, ""CPU1_VR_PSTAGE.MAX"": 51.828426, ""CPU2_VR_PSTAGE.1"": 52.828426, ""CPU2_VR_PSTAGE.2"": 50.0, ""CPU2_VR_PSTAGE.MAX"": 52.828426, ""PCI_INLET_CTRL"": 49.208347, ""CPU_DTS.1"": 37.784, ""CPU_DTS.2"": 38.944, ""VOSS_COMPONENT_NVME.1"": 39.0, ""phase"": ""rest_after_07_stress_cpu_half""}"
29,2026-03-02T20:11:38.273957Z,1772482298.273958,08_idle_cooldown,586.750122,313.899994,21.98332,78.254799,46.670673,34.0,49.213131,64.256126,"{""NODE_AMBIENT"": 34.0, ""EXHAUST_AVG"": 49.213131, ""EXHAUST"": 59.0, ""EB_PCI_INLET"": 42.593204, ""PCIESSD_DRIVE.1"": 42.0, ""PCIESSD_DRIVE.2"": 42.0, ""PCIESSD_DRIVE.3"": 42.0, ""PCIESSD_DRIVE.4"": 42.0, ""PCIESSD_DRIVE.5"": 41.0, ""PCIESSD_DRIVE.6"": 41.0, ""PCIESSD_DRIVE.7"": 41.0, ""PCIESSD_DRIVE.8"": 41.0, ""PCIESSD_DRIVE.9"": 42.0, ""PCIESSD_DRIVE.10"": 41.0, ""PCIESSD_DRIVE.MAX"": 42.0, ""CPU.1"": 64.256126, ""CPU.2"": 64.600182, ""DIMM_MAX"": 46.0, ""DIMM_CPU1.1"": 44.0, ""DIMM_CPU1.2"": 44.0, ""DIMM_CPU1.3"": 41.0, ""DIMM_CPU1.4"": 45.0, ""DIMM_CPU1.5"": 41.0, ""DIMM_CPU1.6"": 44.0, ""DIMM_CPU1.7"": 42.0, ""DIMM_CPU1.8"": 43.0, ""DIMM_CPU1.MAX"": 45.0, ""DIMM_CPU2.1"": 44.0, ""DIMM_CPU2.2"": 44.0, ""DIMM_CPU2.3"": 43.0, ""DIMM_CPU2.4"": 46.0, ""DIMM_CPU2.5"": 43.0, ""DIMM_CPU2.6"": 45.0, ""DIMM_CPU2.7"": 43.0, ""DIMM_CPU2.8"": 43.0, ""DIMM_CPU2.MAX"": 46.0, ""NVDIMM_BATTERY.1"": 40.0, ""NVDIMM_BATTERY.MAX"": 40.0, ""CHIPSET"": 46.799999, ""NDC_ASIC.1"": 70.0, ""NDC_ASIC.MRGN"": 70.0, ""NIC_ASIC.1"": 70.0, ""NIC_ASIC.2"": 71.0, ""NIC_ASIC.MRGN"": 71.0, ""PSU_AMBIENT.1"": 50.0, ""PSU_AMBIENT.2"": 43.0, ""PSU_AMBIENT.MAX"": 50.0, ""PSU_COMP_TEMP.1"": 61.0, ""PSU_COMP_TEMP.2"": 53.599998, ""PSU_EXHAUST.1"": 59.0, ""PSU_EXHAUST.2"": 49.0, ""TOT_PSU_HEAT_DISS"": 53.846375, ""SYS_PWR_INPUT_AC"": 586.750122, ""SYS_PWR_OUTPUT_DC"": 532.903748, ""FAN_PWR_MAIN"": 46.670673, ""STORAGE_PWR"": 78.254799, ""CPU_PWR_ALL"": 313.899994, ""DIMM_PWR_ALL"": 21.98332, ""EB_LFM"": 450.365326, ""EB_SYS_CFM"": 58.462959, ""SYS_CFM_PER_KW_IN_PWR"": 99.578575, ""SYS_CFM_PER_KW_OUT_PWR"": 109.640327, ""SYS_CFM_PER_W_FAN_PWR"": 1.25267, ""DELTA_T_SYSTEM_RACK"": 15.213131, ""COMPUTE_PWR"": 448.649811, ""ITUE"": 1.307813, ""PTCR"": 0.079541, ""SAFE"": 2.036834, ""PSU_EFF"": 0.908229, ""PREHEAT_PCIE"": 477.979248, ""EB_SYS_EXHAUST"": 49.213131, ""EB_CPU_INLET"": 36.358219, ""EB_DIMM_INLET"": 36.358219, ""EB_PSU_INLET"": 37.622414, ""PCI_CAL_PWR"": 54.9245, ""CPU1_VR_PSTAGE.1"": 51.828426, ""CPU1_VR_PSTAGE.2"": 49.707108, ""CPU1_VR_PSTAGE.MAX"": 51.828426, ""CPU2_VR_PSTAGE.1"": 52.828426, ""CPU2_VR_PSTAGE.2"": 50.0, ""CPU2_VR_PSTAGE.MAX"": 52.828426, ""PCI_INLET_CTRL"": 49.658699, ""CPU_DTS.1"": 39.512001, ""CPU_DTS.2"": 40.287998, ""VOSS_COMPONENT_NVME.1"": 39.0, ""phase"": ""08_idle_cooldown""}"
30,2026-03-02T20:11:43.767081Z,1772482303.7670815,08_idle_cooldown,589.80011,309.183319,22.23332,78.236458,46.270676,34.0,49.920818,63.371342,"{""NODE_AMBIENT"": 34.0, ""EXHAUST_AVG"": 49.920818, ""EXHAUST"": 58.799999, ""EB_PCI_INLET"": 42.970848, ""PCIESSD_DRIVE.1"": 42.0, ""PCIESSD_DRIVE.2"": 42.0, ""PCIESSD_DRIVE.3"": 42.0, ""PCIESSD_DRIVE.4"": 42.0, ""PCIESSD_DRIVE.5"": 41.0, ""PCIESSD_DRIVE.6"": 41.0, ""PCIESSD_DRIVE.7"": 41.0, ""PCIESSD_DRIVE.8"": 41.0, ""PCIESSD_DRIVE.9"": 42.0, ""PCIESSD_DRIVE.10"": 41.0, ""PCIESSD_DRIVE.MAX"": 42.0, ""CPU.1"": 63.371342, ""CPU.2"": 63.188576, ""DIMM_MAX"": 46.0, ""DIMM_CPU1.1"": 44.0, ""DIMM_CPU1.2"": 44.0, ""DIMM_CPU1.3"": 41.0, ""DIMM_CPU1.4"": 45.0, ""DIMM_CPU1.5"": 41.0, ""DIMM_CPU1.6"": 44.0, ""DIMM_CPU1.7"": 42.0, ""DIMM_CPU1.8"": 43.0, ""DIMM_CPU1.MAX"": 45.0, ""DIMM_CPU2.1"": 44.0, ""DIMM_CPU2.2"": 44.0, ""DIMM_CPU2.3"": 43.0, ""DIMM_CPU2.4"": 46.0, ""DIMM_CPU2.5"": 43.0, ""DIMM_CPU2.6"": 45.0, ""DIMM_CPU2.7"": 43.0, ""DIMM_CPU2.8"": 43.0, ""DIMM_CPU2.MAX"": 46.0, ""NVDIMM_BATTERY.1"": 40.0, ""NVDIMM_BATTERY.MAX"": 40.0, ""CHIPSET"": 46.400002, ""NDC_ASIC.1"": 70.0, ""NDC_ASIC.MRGN"": 70.0, ""NIC_ASIC.1"": 70.0, ""NIC_ASIC.2"": 71.0, ""NIC_ASIC.MRGN"": 71.0, ""PSU_AMBIENT.1"": 50.0, ""PSU_AMBIENT.2"": 43.0, ""PSU_AMBIENT.MAX"": 50.0, ""PSU_COMP_TEMP.1"": 61.200001, ""PSU_COMP_TEMP.2"": 55.0, ""PSU_EXHAUST.1"": 58.799999, ""PSU_EXHAUST.2"": 49.0, ""TOT_PSU_HEAT_DISS"": 65.146362, ""SYS_PWR_INPUT_AC"": 589.80011, ""SYS_PWR_OUTPUT_DC"": 524.653748, ""FAN_PWR_MAIN"": 46.270676, ""STORAGE_PWR"": 78.236458, ""CPU_PWR_ALL"": 309.183319, ""DIMM_PWR_ALL"": 22.23332, ""EB_LFM"": 451.217285, ""EB_SYS_CFM"": 58.571545, ""SYS_CFM_PER_KW_IN_PWR"": 99.307449, ""SYS_CFM_PER_KW_OUT_PWR"": 111.638481, ""SYS_CFM_PER_W_FAN_PWR"": 1.265846, ""DELTA_T_SYSTEM_RACK"": 15.920818, ""COMPUTE_PWR"": 441.667297, ""ITUE"": 1.335395, ""PTCR"": 0.078451, ""SAFE"": 2.031289, ""PSU_EFF"": 0.889545, ""PREHEAT_PCIE"": 472.891174, ""EB_SYS_EXHAUST"": 49.920818, ""EB_CPU_INLET"": 36.353523, ""EB_DIMM_INLET"": 36.353523, ""EB_PSU_INLET"": 37.682285, ""PCI_CAL_PWR"": 51.762573, ""CPU1_VR_PSTAGE.1"": 50.828426, ""CPU1_VR_PSTAGE.2"": 49.707108, ""CPU1_VR_PSTAGE.MAX"": 50.828426, ""CPU2_VR_PSTAGE.1"": 52.828426, ""CPU2_VR_PSTAGE.2"": 50.0, ""CPU2_VR_PSTAGE.MAX"": 52.828426, ""PCI_INLET_CTRL"": 50.098957, ""CPU_DTS.1"": 40.080002, ""CPU_DTS.2"": 40.703999, ""VOSS_COMPONENT_NVME.1"": 39.0, ""phase"": ""08_idle_cooldown""}"
31,2026-03-02T20:11:49.206000Z,1772482309.2060003,complete,558.900146,281.149994,21.883322,78.256462,46.600674,34.0,50.536777,56.725357,"{""NODE_AMBIENT"": 34.0, ""EXHAUST_AVG"": 50.536777, ""EXHAUST"": 58.599998, ""EB_PCI_INLET"": 43.280685, ""PCIESSD_DRIVE.1"": 42.0, ""PCIESSD_DRIVE.2"": 42.0, ""PCIESSD_DRIVE.3"": 42.0, ""PCIESSD_DRIVE.4"": 42.0, ""PCIESSD_DRIVE.5"": 41.0, ""PCIESSD_DRIVE.6"": 41.0, ""PCIESSD_DRIVE.7"": 41.200001, ""PCIESSD_DRIVE.8"": 41.0, ""PCIESSD_DRIVE.9"": 42.0, ""PCIESSD_DRIVE.10"": 41.0, ""PCIESSD_DRIVE.MAX"": 42.0, ""CPU.1"": 56.725357, ""CPU.2"": 55.61021, ""DIMM_MAX"": 46.0, ""DIMM_CPU1.1"": 44.0, ""DIMM_CPU1.2"": 44.0, ""DIMM_CPU1.3"": 41.0, ""DIMM_CPU1.4"": 45.0, ""DIMM_CPU1.5"": 41.0, ""DIMM_CPU1.6"": 44.0, ""DIMM_CPU1.7"": 42.0, ""DIMM_CPU1.8"": 43.0, ""DIMM_CPU1.MAX"": 45.0, ""DIMM_CPU2.1"": 44.0, ""DIMM_CPU2.2"": 44.0, ""DIMM_CPU2.3"": 43.0, ""DIMM_CPU2.4"": 46.0, ""DIMM_CPU2.5"": 43.0, ""DIMM_CPU2.6"": 45.0, ""DIMM_CPU2.7"": 43.0, ""DIMM_CPU2.8"": 43.0, ""DIMM_CPU2.MAX"": 46.0, ""NVDIMM_BATTERY.1"": 40.0, ""NVDIMM_BATTERY.MAX"": 40.0, ""CHIPSET"": 46.799999, ""NDC_ASIC.1"": 70.0, ""NDC_ASIC.MRGN"": 70.0, ""NIC_ASIC.1"": 70.0, ""NIC_ASIC.2"": 71.199997, ""NIC_ASIC.MRGN"": 71.199997, ""PSU_AMBIENT.1"": 50.0, ""PSU_AMBIENT.2"": 43.0, ""PSU_AMBIENT.MAX"": 50.0, ""PSU_COMP_TEMP.1"": 62.400002, ""PSU_COMP_TEMP.2"": 56.200001, ""PSU_EXHAUST.1"": 58.599998, ""PSU_EXHAUST.2"": 49.0, ""TOT_PSU_HEAT_DISS"": 66.263092, ""SYS_PWR_INPUT_AC"": 558.900146, ""SYS_PWR_OUTPUT_DC"": 492.637054, ""FAN_PWR_MAIN"": 46.600674, ""STORAGE_PWR"": 78.256462, ""CPU_PWR_ALL"": 281.149994, ""DIMM_PWR_ALL"": 21.883322, ""EB_LFM"": 453.002838, ""EB_SYS_CFM"": 58.591274, ""SYS_CFM_PER_KW_IN_PWR"": 104.833168, ""SYS_CFM_PER_KW_OUT_PWR"": 118.933952, ""SYS_CFM_PER_W_FAN_PWR"": 1.257305, ""DELTA_T_SYSTEM_RACK"": 16.536777, ""COMPUTE_PWR"": 411.561798, ""ITUE"": 1.357998, ""PTCR"": 0.083379, ""SAFE"": 2.144315, ""PSU_EFF"": 0.88144, ""PREHEAT_PCIE"": 442.609497, ""EB_SYS_EXHAUST"": 50.536777, ""EB_CPU_INLET"": 36.352608, ""EB_DIMM_INLET"": 36.352608, ""EB_PSU_INLET"": 37.735519, ""PCI_CAL_PWR"": 50.027557, ""CPU1_VR_PSTAGE.1"": 49.414215, ""CPU1_VR_PSTAGE.2"": 50.0, ""CPU1_VR_PSTAGE.MAX"": 50.0, ""CPU2_VR_PSTAGE.1"": 50.414215, ""CPU2_VR_PSTAGE.2"": 50.0, ""CPU2_VR_PSTAGE.MAX"": 50.414215, ""PCI_INLET_CTRL"": 50.429722, ""CPU_DTS.1"": 41.911999, ""CPU_DTS.2"": 43.112, ""VOSS_COMPONENT_NVME.1"": 39.0, ""phase"": ""complete""}"
32,2026-03-02T20:11:54.704901Z,1772482314.7049017,complete,519.916809,247.600006,21.366655,78.284805,46.830681,34.0,51.07423,55.300095,"{""NODE_AMBIENT"": 34.0, ""EXHAUST_AVG"": 51.07423, ""EXHAUST"": 58.599998, ""EB_PCI_INLET"": 43.538933, ""PCIESSD_DRIVE.1"": 42.0, ""PCIESSD_DRIVE.2"": 42.0, ""PCIESSD_DRIVE.3"": 42.0, ""PCIESSD_DRIVE.4"": 42.0, ""PCIESSD_DRIVE.5"": 41.0, ""PCIESSD_DRIVE.6"": 41.0, ""PCIESSD_DRIVE.7"": 42.0, ""PCIESSD_DRIVE.8"": 41.0, ""PCIESSD_DRIVE.9"": 42.0, ""PCIESSD_DRIVE.10"": 41.0, ""PCIESSD_DRIVE.MAX"": 42.0, ""CPU.1"": 55.300095, ""CPU.2"": 54.193443, ""DIMM_MAX"": 46.0, ""DIMM_CPU1.1"": 44.0, ""DIMM_CPU1.2"": 44.0, ""DIMM_CPU1.3"": 41.0, ""DIMM_CPU1.4"": 45.0, ""DIMM_CPU1.5"": 40.0, ""DIMM_CPU1.6"": 44.0, ""DIMM_CPU1.7"": 42.0, ""DIMM_CPU1.8"": 43.0, ""DIMM_CPU1.MAX"": 45.0, ""DIMM_CPU2.1"": 44.0, ""DIMM_CPU2.2"": 44.0, ""DIMM_CPU2.3"": 43.0, ""DIMM_CPU2.4"": 46.0, ""DIMM_CPU2.5"": 42.0, ""DIMM_CPU2.6"": 45.0, ""DIMM_CPU2.7"": 43.0, ""DIMM_CPU2.8"": 43.0, ""DIMM_CPU2.MAX"": 46.0, ""NVDIMM_BATTERY.1"": 40.0, ""NVDIMM_BATTERY.MAX"": 40.0, ""CHIPSET"": 47.0, ""NDC_ASIC.1"": 71.0, ""NDC_ASIC.MRGN"": 71.0, ""NIC_ASIC.1"": 70.0, ""NIC_ASIC.2"": 72.0, ""NIC_ASIC.MRGN"": 72.0, ""PSU_AMBIENT.1"": 50.0, ""PSU_AMBIENT.2"": 43.0, ""PSU_AMBIENT.MAX"": 50.0, ""PSU_COMP_TEMP.1"": 63.0, ""PSU_COMP_TEMP.2"": 57.0, ""PSU_EXHAUST.1"": 58.599998, ""PSU_EXHAUST.2"": 49.400002, ""TOT_PSU_HEAT_DISS"": 66.429779, ""SYS_PWR_INPUT_AC"": 519.916809, ""SYS_PWR_OUTPUT_DC"": 453.48703, ""FAN_PWR_MAIN"": 46.830681, ""STORAGE_PWR"": 78.284805, ""CPU_PWR_ALL"": 247.600006, ""DIMM_PWR_ALL"": 21.366655, ""EB_LFM"": 455.487549, ""EB_SYS_CFM"": 58.451458, ""SYS_CFM_PER_KW_IN_PWR"": 112.424637, ""SYS_CFM_PER_KW_OUT_PWR"": 128.893341, ""SYS_CFM_PER_W_FAN_PWR"": 1.248145, ""DELTA_T_SYSTEM_RACK"": 17.07423, ""COMPUTE_PWR"": 375.022247, ""ITUE"": 1.386363, ""PTCR"": 0.090073, ""SAFE"": 2.299595, ""PSU_EFF"": 0.87223, ""PREHEAT_PCIE"": 406.09317, ""EB_SYS_EXHAUST"": 51.07423, ""EB_CPU_INLET"": 36.358288, ""EB_DIMM_INLET"": 36.358288, ""EB_PSU_INLET"": 37.787613, ""PCI_CAL_PWR"": 47.39386, ""CPU1_VR_PSTAGE.1"": 48.414215, ""CPU1_VR_PSTAGE.2"": 50.0, ""CPU1_VR_PSTAGE.MAX"": 50.0, ""CPU2_VR_PSTAGE.1"": 49.414215, ""CPU2_VR_PSTAGE.2"": 50.0, ""CPU2_VR_PSTAGE.MAX"": 50.0, ""PCI_INLET_CTRL"": 50.757359, ""CPU_DTS.1"": 42.287998, ""CPU_DTS.2"": 43.816002, ""VOSS_COMPONENT_NVME.1"": 39.0, ""phase"": ""complete""}"
